"id","citizen_id","status"
"1","1","ACTIVE"
"2","2","ACTIVE"
"3","3","EXPIRED"
"4","4","ACTIVE"
"5","5","EXPIRED"
"6","6","EXPIRED"
"7","7","ACTIVE"
"8","8","EXPIRED"
"9","9","EXPIRED"
"10","10","EXPIRED"
"11","11","ACTIVE"
"12","12","EXPIRED"
"13","13","EXPIRED"
"14","14","EXPIRED"
"15","15","ACTIVE"
"16","16","ACTIVE"
"17","17","ACTIVE"
"18","18","ACTIVE"
"19","19","EXPIRED"
"20","20","ACTIVE"
"21","21","EXPIRED"
"22","22","ACTIVE"
"23","23","ACTIVE"
"24","24","ACTIVE"
"25","25","ACTIVE"
"26","26","ACTIVE"
"27","27","EXPIRED"
"28","28","EXPIRED"
"29","29","ACTIVE"
"30","30","ACTIVE"
"31","31","EXPIRED"
"32","32","ACTIVE"
"33","33","ACTIVE"
"34","34","EXPIRED"
"35","35","EXPIRED"
"36","36","ACTIVE"
"37","37","EXPIRED"
"38","38","EXPIRED"
"39","39","ACTIVE"
"40","40","ACTIVE"
"41","41","ACTIVE"
"42","42","EXPIRED"
"43","43","SUSPENDED"
"44","44","EXPIRED"
"45","45","EXPIRED"
"46","46","EXPIRED"
"47","47","EXPIRED"
"48","48","EXPIRED"
"49","49","ACTIVE"
"50","50","EXPIRED"
"51","51","ACTIVE"
"52","52","EXPIRED"
"53","53","ACTIVE"
"54","54","ACTIVE"
"55","55","ACTIVE"
"56","56","EXPIRED"
"57","57","EXPIRED"
"58","58","ACTIVE"
"59","59","ACTIVE"
"60","60","EXPIRED"
"61","61","EXPIRED"
"62","62","ACTIVE"
"63","63","EXPIRED"
"64","64","EXPIRED"
"65","65","EXPIRED"
"66","66","ACTIVE"
"67","67","ACTIVE"
"68","68","EXPIRED"
"69","69","EXPIRED"
"70","70","EXPIRED"
"71","71","EXPIRED"
"72","72","ACTIVE"
"73","73","ACTIVE"
"74","74","ACTIVE"
"75","75","ACTIVE"
"76","76","EXPIRED"
"77","77","ACTIVE"
"78","78","ACTIVE"
"79","79","EXPIRED"
"80","80","EXPIRED"
"81","81","EXPIRED"
"82","82","EXPIRED"
"83","83","EXPIRED"
"84","84","EXPIRED"
"85","85","ACTIVE"
"86","86","SUSPENDED"
"87","87","EXPIRED"
"88","88","ACTIVE"
"89","89","REVOKED"
"90","90","EXPIRED"
"91","91","ACTIVE"
"92","92","ACTIVE"
"93","93","EXPIRED"
"94","94","EXPIRED"
"95","95","ACTIVE"
"96","96","ACTIVE"
"97","97","ACTIVE"
"98","98","EXPIRED"
"99","99","ACTIVE"
"100","100","ACTIVE"
"101","101","FAKE"
"102","102","ACTIVE"
"103","103","EXPIRED"
"104","104","ACTIVE"
"105","105","EXPIRED"
"106","106","EXPIRED"
"107","107","ACTIVE"
"108","108","EXPIRED"
"109","109","ACTIVE"
"110","110","EXPIRED"
"111","111","EXPIRED"
"112","112","EXPIRED"
"113","113","EXPIRED"
"114","114","ACTIVE"
"115","115","ACTIVE"
"116","116","ACTIVE"
"117","117","EXPIRED"
"118","118","EXPIRED"
"119","119","EXPIRED"
"120","120","EXPIRED"
"121","121","EXPIRED"
"122","122","ACTIVE"
"123","123","EXPIRED"
"124","124","EXPIRED"
"125","125","ACTIVE"
"126","126","EXPIRED"
"127","127","EXPIRED"
"128","128","EXPIRED"
"129","129","SUSPENDED"
"130","130","ACTIVE"
"131","131","ACTIVE"
"132","132","ACTIVE"
"133","133","ACTIVE"
"134","134","EXPIRED"
"135","135","ACTIVE"
"136","136","EXPIRED"
"137","137","ACTIVE"
"138","138","EXPIRED"
"139","139","EXPIRED"
"140","140","ACTIVE"
"141","141","ACTIVE"
"142","142","EXPIRED"
"143","143","EXPIRED"
"144","144","EXPIRED"
"145","145","ACTIVE"
"146","146","ACTIVE"
"147","147","ACTIVE"
"148","148","EXPIRED"
"149","149","EXPIRED"
"150","150","EXPIRED"
"151","151","ACTIVE"
"152","152","ACTIVE"
"153","153","EXPIRED"
"154","154","EXPIRED"
"155","155","ACTIVE"
"156","156","ACTIVE"
"157","157","ACTIVE"
"158","158","EXPIRED"
"159","159","EXPIRED"
"160","160","ACTIVE"
"161","161","ACTIVE"
"162","162","ACTIVE"
"163","163","ACTIVE"
"164","164","ACTIVE"
"165","165","EXPIRED"
"166","166","ACTIVE"
"167","167","EXPIRED"
"168","168","EXPIRED"
"169","169","EXPIRED"
"170","170","EXPIRED"
"171","171","EXPIRED"
"172","172","SUSPENDED"
"173","173","ACTIVE"
"174","174","EXPIRED"
"175","175","EXPIRED"
"176","176","EXPIRED"
"177","177","ACTIVE"
"178","178","REVOKED"
"179","179","ACTIVE"
"180","180","ACTIVE"
"181","181","EXPIRED"
"182","182","ACTIVE"
"183","183","EXPIRED"
"184","184","ACTIVE"
"185","185","EXPIRED"
"186","186","EXPIRED"
"187","187","ACTIVE"
"188","188","ACTIVE"
"189","189","EXPIRED"
"190","190","EXPIRED"
"191","191","EXPIRED"
"192","192","ACTIVE"
"193","193","ACTIVE"
"194","194","ACTIVE"
"195","195","ACTIVE"
"196","196","ACTIVE"
"197","197","EXPIRED"
"198","198","EXPIRED"
"199","199","ACTIVE"
"200","200","ACTIVE"
"201","201","EXPIRED"
"202","202","FAKE"
"203","203","EXPIRED"
"204","204","EXPIRED"
"205","205","EXPIRED"
"206","206","EXPIRED"
"207","207","ACTIVE"
"208","208","EXPIRED"
"209","209","ACTIVE"
"210","210","EXPIRED"
"211","211","EXPIRED"
"212","212","ACTIVE"
"213","213","EXPIRED"
"214","214","ACTIVE"
"215","215","SUSPENDED"
"216","216","ACTIVE"
"217","217","EXPIRED"
"218","218","ACTIVE"
"219","219","ACTIVE"
"220","220","EXPIRED"
"221","221","EXPIRED"
"222","222","ACTIVE"
"223","223","EXPIRED"
"224","224","ACTIVE"
"225","225","EXPIRED"
"226","226","EXPIRED"
"227","227","EXPIRED"
"228","228","EXPIRED"
"229","229","EXPIRED"
"230","230","ACTIVE"
"231","231","ACTIVE"
"232","232","ACTIVE"
"233","233","EXPIRED"
"234","234","EXPIRED"
"235","235","EXPIRED"
"236","236","ACTIVE"
"237","237","ACTIVE"
"238","238","EXPIRED"
"239","239","ACTIVE"
"240","240","EXPIRED"
"241","241","EXPIRED"
"242","242","EXPIRED"
"243","243","ACTIVE"
"244","244","ACTIVE"
"245","245","EXPIRED"
"246","246","ACTIVE"
"247","247","EXPIRED"
"248","248","EXPIRED"
"249","249","EXPIRED"
"250","250","ACTIVE"
"251","251","EXPIRED"
"252","252","EXPIRED"
"253","253","ACTIVE"
"254","254","EXPIRED"
"255","255","ACTIVE"
"256","256","ACTIVE"
"257","257","EXPIRED"
"258","258","SUSPENDED"
"259","259","EXPIRED"
"260","260","EXPIRED"
"261","261","ACTIVE"
"262","262","ACTIVE"
"263","263","EXPIRED"
"264","264","ACTIVE"
"265","265","EXPIRED"
"266","266","EXPIRED"
"267","267","REVOKED"
"268","268","ACTIVE"
"269","269","ACTIVE"
"270","270","EXPIRED"
"271","271","EXPIRED"
"272","272","EXPIRED"
"273","273","EXPIRED"
"274","274","EXPIRED"
"275","275","ACTIVE"
"276","276","ACTIVE"
"277","277","ACTIVE"
"278","278","EXPIRED"
"279","279","EXPIRED"
"280","280","EXPIRED"
"281","281","EXPIRED"
"282","282","EXPIRED"
"283","283","ACTIVE"
"284","284","EXPIRED"
"285","285","EXPIRED"
"286","286","ACTIVE"
"287","287","EXPIRED"
"288","288","ACTIVE"
"289","289","EXPIRED"
"290","290","ACTIVE"
"291","291","EXPIRED"
"292","292","EXPIRED"
"293","293","EXPIRED"
"294","294","ACTIVE"
"295","295","ACTIVE"
"296","296","ACTIVE"
"297","297","ACTIVE"
"298","298","EXPIRED"
"299","299","EXPIRED"
"300","300","ACTIVE"
"301","301","SUSPENDED"
"302","302","EXPIRED"
"303","303","FAKE"
"304","304","EXPIRED"
"305","305","ACTIVE"
"306","306","ACTIVE"
"307","307","EXPIRED"
"308","308","ACTIVE"
"309","309","ACTIVE"
"310","310","EXPIRED"
"311","311","EXPIRED"
"312","312","EXPIRED"
"313","313","ACTIVE"
"314","314","ACTIVE"
"315","315","EXPIRED"
"316","316","ACTIVE"
"317","317","ACTIVE"
"318","318","EXPIRED"
"319","319","ACTIVE"
"320","320","ACTIVE"
"321","321","EXPIRED"
"322","322","ACTIVE"
"323","323","EXPIRED"
"324","324","EXPIRED"
"325","325","ACTIVE"
"326","326","EXPIRED"
"327","327","ACTIVE"
"328","328","ACTIVE"
"329","329","EXPIRED"
"330","330","EXPIRED"
"331","331","ACTIVE"
"332","332","ACTIVE"
"333","333","ACTIVE"
"334","334","ACTIVE"
"335","335","EXPIRED"
"336","336","EXPIRED"
"337","337","ACTIVE"
"338","338","EXPIRED"
"339","339","ACTIVE"
"340","340","EXPIRED"
"341","341","EXPIRED"
"342","342","ACTIVE"
"343","343","ACTIVE"
"344","344","SUSPENDED"
"345","345","ACTIVE"
"346","346","EXPIRED"
"347","347","EXPIRED"
"348","348","ACTIVE"
"349","349","EXPIRED"
"350","350","EXPIRED"
"351","351","EXPIRED"
"352","352","EXPIRED"
"353","353","EXPIRED"
"354","354","ACTIVE"
"355","355","ACTIVE"
"356","356","REVOKED"
"357","357","EXPIRED"
"358","358","EXPIRED"
"359","359","ACTIVE"
"360","360","ACTIVE"
"361","361","EXPIRED"
"362","362","EXPIRED"
"363","363","EXPIRED"
"364","364","EXPIRED"
"365","365","ACTIVE"
"366","366","EXPIRED"
"367","367","ACTIVE"
"368","368","ACTIVE"
"369","369","EXPIRED"
"370","370","EXPIRED"
"371","371","ACTIVE"
"372","372","ACTIVE"
"373","373","ACTIVE"
"374","374","ACTIVE"
"375","375","ACTIVE"
"376","376","ACTIVE"
"377","377","EXPIRED"
"378","378","EXPIRED"
"379","379","EXPIRED"
"380","380","EXPIRED"
"381","381","ACTIVE"
"382","382","EXPIRED"
"383","383","ACTIVE"
"384","384","ACTIVE"
"385","385","ACTIVE"
"386","386","ACTIVE"
"387","387","SUSPENDED"
"388","388","ACTIVE"
"389","389","EXPIRED"
"390","390","EXPIRED"
"391","391","ACTIVE"
"392","392","EXPIRED"
"393","393","ACTIVE"
"394","394","EXPIRED"
"395","395","EXPIRED"
"396","396","ACTIVE"
"397","397","EXPIRED"
"398","398","ACTIVE"
"399","399","ACTIVE"
"400","400","EXPIRED"
"401","401","EXPIRED"
"402","402","EXPIRED"
"403","403","EXPIRED"
"404","404","FAKE"
"405","405","ACTIVE"
"406","406","ACTIVE"
"407","407","EXPIRED"
"408","408","ACTIVE"
"409","409","EXPIRED"
"410","410","EXPIRED"
"411","411","EXPIRED"
"412","412","ACTIVE"
"413","413","EXPIRED"
"414","414","EXPIRED"
"415","415","ACTIVE"
"416","416","EXPIRED"
"417","417","EXPIRED"
"418","418","EXPIRED"
"419","419","ACTIVE"
"420","420","ACTIVE"
"421","421","EXPIRED"
"422","422","ACTIVE"
"423","423","EXPIRED"
"424","424","ACTIVE"
"425","425","ACTIVE"
"426","426","EXPIRED"
"427","427","EXPIRED"
"428","428","ACTIVE"
"429","429","EXPIRED"
"430","430","SUSPENDED"
"431","431","EXPIRED"
"432","432","ACTIVE"
"433","433","ACTIVE"
"434","434","ACTIVE"
"435","435","EXPIRED"
"436","436","ACTIVE"
"437","437","EXPIRED"
"438","438","ACTIVE"
"439","439","EXPIRED"
"440","440","EXPIRED"
"441","441","ACTIVE"
"442","442","EXPIRED"
"443","443","EXPIRED"
"444","444","ACTIVE"
"445","445","REVOKED"
"446","446","EXPIRED"
"447","447","EXPIRED"
"448","448","EXPIRED"
"449","449","EXPIRED"
"450","450","EXPIRED"
"451","451","ACTIVE"
"452","452","EXPIRED"
"453","453","EXPIRED"
"454","454","ACTIVE"
"455","455","ACTIVE"
"456","456","EXPIRED"
"457","457","ACTIVE"
"458","458","ACTIVE"
"459","459","ACTIVE"
"460","460","ACTIVE"
"461","461","ACTIVE"
"462","462","EXPIRED"
"463","463","EXPIRED"
"464","464","EXPIRED"
"465","465","EXPIRED"
"466","466","EXPIRED"
"467","467","EXPIRED"
"468","468","ACTIVE"
"469","469","EXPIRED"
"470","470","EXPIRED"
"471","471","ACTIVE"
"472","472","ACTIVE"
"473","473","SUSPENDED"
"474","474","EXPIRED"
"475","475","ACTIVE"
"476","476","EXPIRED"
"477","477","ACTIVE"
"478","478","ACTIVE"
"479","479","EXPIRED"
"480","480","EXPIRED"
"481","481","EXPIRED"
"482","482","EXPIRED"
"483","483","EXPIRED"
"484","484","EXPIRED"
"485","485","EXPIRED"
"486","486","EXPIRED"
"487","487","EXPIRED"
"488","488","EXPIRED"
"489","489","ACTIVE"
"490","490","EXPIRED"
"491","491","EXPIRED"
"492","492","ACTIVE"
"493","493","ACTIVE"
"494","494","ACTIVE"
"495","495","EXPIRED"
"496","496","EXPIRED"
"497","497","ACTIVE"
"498","498","ACTIVE"
"499","499","EXPIRED"
"500","500","EXPIRED"
"501","501","EXPIRED"
"502","502","ACTIVE"
"503","503","ACTIVE"
"504","504","ACTIVE"
"505","505","FAKE"
"506","506","ACTIVE"
"507","507","ACTIVE"
"508","508","ACTIVE"
"509","509","EXPIRED"
"510","510","EXPIRED"
"511","511","EXPIRED"
"512","512","ACTIVE"
"513","513","ACTIVE"
"514","514","EXPIRED"
"515","515","EXPIRED"
"516","516","SUSPENDED"
"517","517","EXPIRED"
"518","518","ACTIVE"
"519","519","ACTIVE"
"520","520","ACTIVE"
"521","521","ACTIVE"
"522","522","EXPIRED"
"523","523","EXPIRED"
"524","524","EXPIRED"
"525","525","EXPIRED"
"526","526","EXPIRED"
"527","527","ACTIVE"
"528","528","EXPIRED"
"529","529","EXPIRED"
"530","530","ACTIVE"
"531","531","ACTIVE"
"532","532","EXPIRED"
"533","533","ACTIVE"
"534","534","REVOKED"
"535","535","ACTIVE"
"536","536","ACTIVE"
"537","537","EXPIRED"
"538","538","EXPIRED"
"539","539","EXPIRED"
"540","540","ACTIVE"
"541","541","ACTIVE"
"542","542","EXPIRED"
"543","543","EXPIRED"
"544","544","EXPIRED"
"545","545","ACTIVE"
"546","546","EXPIRED"
"547","547","ACTIVE"
"548","548","ACTIVE"
"549","549","ACTIVE"
"550","550","ACTIVE"
"551","551","EXPIRED"
"552","552","EXPIRED"
"553","553","EXPIRED"
"554","554","ACTIVE"
"555","555","EXPIRED"
"556","556","ACTIVE"
"557","557","ACTIVE"
"558","558","ACTIVE"
"559","559","SUSPENDED"
"560","560","ACTIVE"
"561","561","EXPIRED"
"562","562","ACTIVE"
"563","563","EXPIRED"
"564","564","ACTIVE"
"565","565","ACTIVE"
"566","566","EXPIRED"
"567","567","ACTIVE"
"568","568","ACTIVE"
"569","569","EXPIRED"
"570","570","ACTIVE"
"571","571","ACTIVE"
"572","572","EXPIRED"
"573","573","ACTIVE"
"574","574","ACTIVE"
"575","575","EXPIRED"
"576","576","EXPIRED"
"577","577","ACTIVE"
"578","578","EXPIRED"
"579","579","EXPIRED"
"580","580","EXPIRED"
"581","581","EXPIRED"
"582","582","EXPIRED"
"583","583","EXPIRED"
"584","584","ACTIVE"
"585","585","ACTIVE"
"586","586","EXPIRED"
"587","587","EXPIRED"
"588","588","EXPIRED"
"589","589","ACTIVE"
"590","590","ACTIVE"
"591","591","ACTIVE"
"592","592","ACTIVE"
"593","593","EXPIRED"
"594","594","ACTIVE"
"595","595","EXPIRED"
"596","596","EXPIRED"
"597","597","ACTIVE"
"598","598","EXPIRED"
"599","599","EXPIRED"
"600","600","EXPIRED"
"601","601","ACTIVE"
"602","602","SUSPENDED"
"603","603","ACTIVE"
"604","604","EXPIRED"
"605","605","ACTIVE"
"606","606","FAKE"
"607","607","ACTIVE"
"608","608","ACTIVE"
"609","609","ACTIVE"
"610","610","EXPIRED"
"611","611","EXPIRED"
"612","612","EXPIRED"
"613","613","ACTIVE"
"614","614","ACTIVE"
"615","615","EXPIRED"
"616","616","EXPIRED"
"617","617","ACTIVE"
"618","618","EXPIRED"
"619","619","ACTIVE"
"620","620","EXPIRED"
"621","621","EXPIRED"
"622","622","EXPIRED"
"623","623","REVOKED"
"624","624","ACTIVE"
"625","625","ACTIVE"
"626","626","EXPIRED"
"627","627","EXPIRED"
"628","628","ACTIVE"
"629","629","ACTIVE"
"630","630","EXPIRED"
"631","631","EXPIRED"
"632","632","ACTIVE"
"633","633","EXPIRED"
"634","634","ACTIVE"
"635","635","EXPIRED"
"636","636","ACTIVE"
"637","637","EXPIRED"
"638","638","ACTIVE"
"639","639","ACTIVE"
"640","640","ACTIVE"
"641","641","EXPIRED"
"642","642","EXPIRED"
"643","643","EXPIRED"
"644","644","ACTIVE"
"645","645","SUSPENDED"
"646","646","ACTIVE"
"647","647","ACTIVE"
"648","648","EXPIRED"
"649","649","ACTIVE"
"650","650","EXPIRED"
"651","651","EXPIRED"
"652","652","EXPIRED"
"653","653","ACTIVE"
"654","654","EXPIRED"
"655","655","ACTIVE"
"656","656","EXPIRED"
"657","657","EXPIRED"
"658","658","EXPIRED"
"659","659","ACTIVE"
"660","660","EXPIRED"
"661","661","ACTIVE"
"662","662","ACTIVE"
"663","663","EXPIRED"
"664","664","ACTIVE"
"665","665","ACTIVE"
"666","666","EXPIRED"
"667","667","ACTIVE"
"668","668","ACTIVE"
"669","669","ACTIVE"
"670","670","EXPIRED"
"671","671","ACTIVE"
"672","672","EXPIRED"
"673","673","EXPIRED"
"674","674","EXPIRED"
"675","675","ACTIVE"
"676","676","EXPIRED"
"677","677","ACTIVE"
"678","678","ACTIVE"
"679","679","ACTIVE"
"680","680","EXPIRED"
"681","681","EXPIRED"
"682","682","EXPIRED"
"683","683","EXPIRED"
"684","684","EXPIRED"
"685","685","EXPIRED"
"686","686","EXPIRED"
"687","687","EXPIRED"
"688","688","SUSPENDED"
"689","689","EXPIRED"
"690","690","EXPIRED"
"691","691","EXPIRED"
"692","692","ACTIVE"
"693","693","EXPIRED"
"694","694","EXPIRED"
"695","695","EXPIRED"
"696","696","ACTIVE"
"697","697","EXPIRED"
"698","698","ACTIVE"
"699","699","ACTIVE"
"700","700","ACTIVE"
"701","701","EXPIRED"
"702","702","EXPIRED"
"703","703","EXPIRED"
"704","704","EXPIRED"
"705","705","ACTIVE"
"706","706","ACTIVE"
"707","707","FAKE"
"708","708","ACTIVE"
"709","709","EXPIRED"
"710","710","ACTIVE"
"711","711","EXPIRED"
"712","712","REVOKED"
"713","713","EXPIRED"
"714","714","EXPIRED"
"715","715","ACTIVE"
"716","716","EXPIRED"
"717","717","EXPIRED"
"718","718","EXPIRED"
"719","719","ACTIVE"
"720","720","EXPIRED"
"721","721","ACTIVE"
"722","722","ACTIVE"
"723","723","ACTIVE"
"724","724","EXPIRED"
"725","725","ACTIVE"
"726","726","EXPIRED"
"727","727","EXPIRED"
"728","728","ACTIVE"
"729","729","EXPIRED"
"730","730","EXPIRED"
"731","731","SUSPENDED"
"732","732","EXPIRED"
"733","733","EXPIRED"
"734","734","EXPIRED"
"735","735","EXPIRED"
"736","736","EXPIRED"
"737","737","EXPIRED"
"738","738","ACTIVE"
"739","739","ACTIVE"
"740","740","EXPIRED"
"741","741","ACTIVE"
"742","742","ACTIVE"
"743","743","EXPIRED"
"744","744","ACTIVE"
"745","745","ACTIVE"
"746","746","EXPIRED"
"747","747","ACTIVE"
"748","748","EXPIRED"
"749","749","ACTIVE"
"750","750","ACTIVE"
"751","751","ACTIVE"
"752","752","ACTIVE"
"753","753","ACTIVE"
"754","754","ACTIVE"
"755","755","EXPIRED"
"756","756","EXPIRED"
"757","757","EXPIRED"
"758","758","ACTIVE"
"759","759","EXPIRED"
"760","760","EXPIRED"
"761","761","ACTIVE"
"762","762","EXPIRED"
"763","763","ACTIVE"
"764","764","ACTIVE"
"765","765","ACTIVE"
"766","766","EXPIRED"
"767","767","EXPIRED"
"768","768","ACTIVE"
"769","769","EXPIRED"
"770","770","EXPIRED"
"771","771","ACTIVE"
"772","772","ACTIVE"
"773","773","EXPIRED"
"774","774","SUSPENDED"
"775","775","ACTIVE"
"776","776","EXPIRED"
"777","777","EXPIRED"
"778","778","EXPIRED"
"779","779","EXPIRED"
"780","780","EXPIRED"
"781","781","EXPIRED"
"782","782","ACTIVE"
"783","783","ACTIVE"
"784","784","ACTIVE"
"785","785","ACTIVE"
"786","786","ACTIVE"
"787","787","ACTIVE"
"788","788","ACTIVE"
"789","789","ACTIVE"
"790","790","EXPIRED"
"791","791","ACTIVE"
"792","792","ACTIVE"
"793","793","ACTIVE"
"794","794","EXPIRED"
"795","795","ACTIVE"
"796","796","EXPIRED"
"797","797","ACTIVE"
"798","798","ACTIVE"
"799","799","EXPIRED"
"800","800","ACTIVE"
"801","801","REVOKED"
"802","802","EXPIRED"
"803","803","ACTIVE"
"804","804","ACTIVE"
"805","805","EXPIRED"
"806","806","ACTIVE"
"807","807","ACTIVE"
"808","808","FAKE"
"809","809","ACTIVE"
"810","810","EXPIRED"
"811","811","ACTIVE"
"812","812","EXPIRED"
"813","813","EXPIRED"
"814","814","EXPIRED"
"815","815","EXPIRED"
"816","816","EXPIRED"
"817","817","SUSPENDED"
"818","818","ACTIVE"
"819","819","EXPIRED"
"820","820","EXPIRED"
"821","821","ACTIVE"
"822","822","EXPIRED"
"823","823","ACTIVE"
"824","824","EXPIRED"
"825","825","ACTIVE"
"826","826","EXPIRED"
"827","827","EXPIRED"
"828","828","ACTIVE"
"829","829","EXPIRED"
"830","830","ACTIVE"
"831","831","ACTIVE"
"832","832","ACTIVE"
"833","833","EXPIRED"
"834","834","EXPIRED"
"835","835","ACTIVE"
"836","836","ACTIVE"
"837","837","EXPIRED"
"838","838","ACTIVE"
"839","839","EXPIRED"
"840","840","ACTIVE"
"841","841","ACTIVE"
"842","842","ACTIVE"
"843","843","ACTIVE"
"844","844","ACTIVE"
"845","845","ACTIVE"
"846","846","EXPIRED"
"847","847","EXPIRED"
"848","848","EXPIRED"
"849","849","ACTIVE"
"850","850","ACTIVE"
"851","851","EXPIRED"
"852","852","EXPIRED"
"853","853","ACTIVE"
"854","854","EXPIRED"
"855","855","EXPIRED"
"856","856","ACTIVE"
"857","857","EXPIRED"
"858","858","ACTIVE"
"859","859","ACTIVE"
"860","860","SUSPENDED"
"861","861","ACTIVE"
"862","862","EXPIRED"
"863","863","ACTIVE"
"864","864","ACTIVE"
"865","865","EXPIRED"
"866","866","ACTIVE"
"867","867","ACTIVE"
"868","868","EXPIRED"
"869","869","ACTIVE"
"870","870","EXPIRED"
"871","871","EXPIRED"
"872","872","ACTIVE"
"873","873","EXPIRED"
"874","874","EXPIRED"
"875","875","ACTIVE"
"876","876","ACTIVE"
"877","877","ACTIVE"
"878","878","ACTIVE"
"879","879","ACTIVE"
"880","880","ACTIVE"
"881","881","ACTIVE"
"882","882","ACTIVE"
"883","883","EXPIRED"
"884","884","ACTIVE"
"885","885","ACTIVE"
"886","886","EXPIRED"
"887","887","ACTIVE"
"888","888","ACTIVE"
"889","889","EXPIRED"
"890","890","REVOKED"
"891","891","ACTIVE"
"892","892","ACTIVE"
"893","893","ACTIVE"
"894","894","ACTIVE"
"895","895","EXPIRED"
"896","896","EXPIRED"
"897","897","ACTIVE"
"898","898","EXPIRED"
"899","899","ACTIVE"
"900","900","EXPIRED"
"901","901","ACTIVE"
"902","902","EXPIRED"
"903","903","SUSPENDED"
"904","904","ACTIVE"
"905","905","EXPIRED"
"906","906","ACTIVE"
"907","907","ACTIVE"
"908","908","ACTIVE"
"909","909","FAKE"
"910","910","EXPIRED"
"911","911","ACTIVE"
"912","912","ACTIVE"
"913","913","ACTIVE"
"914","914","EXPIRED"
"915","915","ACTIVE"
"916","916","EXPIRED"
"917","917","EXPIRED"
"918","918","EXPIRED"
"919","919","EXPIRED"
"920","920","EXPIRED"
"921","921","EXPIRED"
"922","922","EXPIRED"
"923","923","EXPIRED"
"924","924","ACTIVE"
"925","925","EXPIRED"
"926","926","EXPIRED"
"927","927","EXPIRED"
"928","928","EXPIRED"
"929","929","EXPIRED"
"930","930","EXPIRED"
"931","931","ACTIVE"
"932","932","ACTIVE"
"933","933","EXPIRED"
"934","934","EXPIRED"
"935","935","ACTIVE"
"936","936","EXPIRED"
"937","937","ACTIVE"
"938","938","EXPIRED"
"939","939","EXPIRED"
"940","940","EXPIRED"
"941","941","ACTIVE"
"942","942","ACTIVE"
"943","943","ACTIVE"
"944","944","EXPIRED"
"945","945","EXPIRED"
"946","946","SUSPENDED"
"947","947","ACTIVE"
"948","948","ACTIVE"
"949","949","EXPIRED"
"950","950","EXPIRED"
"951","951","ACTIVE"
"952","952","ACTIVE"
"953","953","ACTIVE"
"954","954","ACTIVE"
"955","955","EXPIRED"
"956","956","EXPIRED"
"957","957","ACTIVE"
"958","958","EXPIRED"
"959","959","EXPIRED"
"960","960","EXPIRED"
"961","961","EXPIRED"
"962","962","ACTIVE"
"963","963","ACTIVE"
"964","964","ACTIVE"
"965","965","ACTIVE"
"966","966","ACTIVE"
"967","967","EXPIRED"
"968","968","EXPIRED"
"969","969","EXPIRED"
"970","970","ACTIVE"
"971","971","ACTIVE"
"972","972","EXPIRED"
"973","973","ACTIVE"
"974","974","ACTIVE"
"975","975","EXPIRED"
"976","976","ACTIVE"
"977","977","EXPIRED"
"978","978","EXPIRED"
"979","979","REVOKED"
"980","980","EXPIRED"
"981","981","ACTIVE"
"982","982","ACTIVE"
"983","983","ACTIVE"
"984","984","EXPIRED"
"985","985","ACTIVE"
"986","986","EXPIRED"
"987","987","EXPIRED"
"988","988","EXPIRED"
"989","989","SUSPENDED"
"990","990","ACTIVE"
"991","991","ACTIVE"
"992","992","EXPIRED"
"993","993","EXPIRED"
"994","994","ACTIVE"
"995","995","EXPIRED"
"996","996","ACTIVE"
"997","997","EXPIRED"
"998","998","ACTIVE"
"999","999","ACTIVE"
"1000","1000","ACTIVE"
"1001","1001","ACTIVE"
"1002","1002","EXPIRED"
"1003","1003","ACTIVE"
"1004","1004","ACTIVE"
"1005","1005","EXPIRED"
"1006","1006","EXPIRED"
"1007","1007","EXPIRED"
"1008","1008","EXPIRED"
"1009","1009","ACTIVE"
"1010","1010","FAKE"
"1011","1011","ACTIVE"
"1012","1012","EXPIRED"
"1013","1013","EXPIRED"
"1014","1014","EXPIRED"
"1015","1015","ACTIVE"
"1016","1016","EXPIRED"
"1017","1017","ACTIVE"
"1018","1018","ACTIVE"
"1019","1019","EXPIRED"
"1020","1020","EXPIRED"
"1021","1021","EXPIRED"
"1022","1022","EXPIRED"
"1023","1023","ACTIVE"
"1024","1024","EXPIRED"
"1025","1025","ACTIVE"
"1026","1026","EXPIRED"
"1027","1027","EXPIRED"
"1028","1028","EXPIRED"
"1029","1029","ACTIVE"
"1030","1030","ACTIVE"
"1031","1031","ACTIVE"
"1032","1032","SUSPENDED"
"1033","1033","EXPIRED"
"1034","1034","EXPIRED"
"1035","1035","ACTIVE"
"1036","1036","EXPIRED"
"1037","1037","ACTIVE"
"1038","1038","ACTIVE"
"1039","1039","ACTIVE"
"1040","1040","EXPIRED"
"1041","1041","ACTIVE"
"1042","1042","ACTIVE"
"1043","1043","ACTIVE"
"1044","1044","ACTIVE"
"1045","1045","EXPIRED"
"1046","1046","EXPIRED"
"1047","1047","ACTIVE"
"1048","1048","ACTIVE"
"1049","1049","EXPIRED"
"1050","1050","EXPIRED"
"1051","1051","EXPIRED"
"1052","1052","ACTIVE"
"1053","1053","ACTIVE"
"1054","1054","EXPIRED"
"1055","1055","EXPIRED"
"1056","1056","ACTIVE"
"1057","1057","ACTIVE"
"1058","1058","ACTIVE"
"1059","1059","EXPIRED"
"1060","1060","ACTIVE"
"1061","1061","EXPIRED"
"1062","1062","EXPIRED"
"1063","1063","EXPIRED"
"1064","1064","ACTIVE"
"1065","1065","ACTIVE"
"1066","1066","ACTIVE"
"1067","1067","EXPIRED"
"1068","1068","REVOKED"
"1069","1069","ACTIVE"
"1070","1070","ACTIVE"
"1071","1071","EXPIRED"
"1072","1072","ACTIVE"
"1073","1073","ACTIVE"
"1074","1074","EXPIRED"
"1075","1075","SUSPENDED"
"1076","1076","EXPIRED"
"1077","1077","ACTIVE"
"1078","1078","ACTIVE"
"1079","1079","ACTIVE"
"1080","1080","EXPIRED"
"1081","1081","EXPIRED"
"1082","1082","EXPIRED"
"1083","1083","ACTIVE"
"1084","1084","ACTIVE"
"1085","1085","EXPIRED"
"1086","1086","EXPIRED"
"1087","1087","EXPIRED"
"1088","1088","ACTIVE"
"1089","1089","ACTIVE"
"1090","1090","EXPIRED"
"1091","1091","EXPIRED"
"1092","1092","ACTIVE"
"1093","1093","EXPIRED"
"1094","1094","EXPIRED"
"1095","1095","EXPIRED"
"1096","1096","EXPIRED"
"1097","1097","EXPIRED"
"1098","1098","EXPIRED"
"1099","1099","ACTIVE"
"1100","1100","EXPIRED"
"1101","1101","EXPIRED"
"1102","1102","ACTIVE"
"1103","1103","EXPIRED"
"1104","1104","EXPIRED"
"1105","1105","ACTIVE"
"1106","1106","EXPIRED"
"1107","1107","EXPIRED"
"1108","1108","EXPIRED"
"1109","1109","EXPIRED"
"1110","1110","ACTIVE"
"1111","1111","FAKE"
"1112","1112","EXPIRED"
"1113","1113","EXPIRED"
"1114","1114","EXPIRED"
"1115","1115","EXPIRED"
"1116","1116","EXPIRED"
"1117","1117","ACTIVE"
"1118","1118","SUSPENDED"
"1119","1119","EXPIRED"
"1120","1120","EXPIRED"
"1121","1121","EXPIRED"
"1122","1122","EXPIRED"
"1123","1123","ACTIVE"
"1124","1124","EXPIRED"
"1125","1125","EXPIRED"
"1126","1126","ACTIVE"
"1127","1127","EXPIRED"
"1128","1128","EXPIRED"
"1129","1129","EXPIRED"
"1130","1130","EXPIRED"
"1131","1131","ACTIVE"
"1132","1132","EXPIRED"
"1133","1133","EXPIRED"
"1134","1134","EXPIRED"
"1135","1135","ACTIVE"
"1136","1136","EXPIRED"
"1137","1137","EXPIRED"
"1138","1138","ACTIVE"
"1139","1139","ACTIVE"
"1140","1140","EXPIRED"
"1141","1141","ACTIVE"
"1142","1142","EXPIRED"
"1143","1143","EXPIRED"
"1144","1144","ACTIVE"
"1145","1145","EXPIRED"
"1146","1146","ACTIVE"
"1147","1147","EXPIRED"
"1148","1148","EXPIRED"
"1149","1149","EXPIRED"
"1150","1150","EXPIRED"
"1151","1151","EXPIRED"
"1152","1152","ACTIVE"
"1153","1153","EXPIRED"
"1154","1154","EXPIRED"
"1155","1155","EXPIRED"
"1156","1156","EXPIRED"
"1157","1157","REVOKED"
"1158","1158","ACTIVE"
"1159","1159","EXPIRED"
"1160","1160","ACTIVE"
"1161","1161","SUSPENDED"
"1162","1162","EXPIRED"
"1163","1163","ACTIVE"
"1164","1164","EXPIRED"
"1165","1165","EXPIRED"
"1166","1166","ACTIVE"
"1167","1167","ACTIVE"
"1168","1168","ACTIVE"
"1169","1169","EXPIRED"
"1170","1170","EXPIRED"
"1171","1171","ACTIVE"
"1172","1172","EXPIRED"
"1173","1173","ACTIVE"
"1174","1174","EXPIRED"
"1175","1175","ACTIVE"
"1176","1176","EXPIRED"
"1177","1177","EXPIRED"
"1178","1178","EXPIRED"
"1179","1179","EXPIRED"
"1180","1180","ACTIVE"
"1181","1181","ACTIVE"
"1182","1182","EXPIRED"
"1183","1183","ACTIVE"
"1184","1184","ACTIVE"
"1185","1185","ACTIVE"
"1186","1186","EXPIRED"
"1187","1187","ACTIVE"
"1188","1188","ACTIVE"
"1189","1189","ACTIVE"
"1190","1190","ACTIVE"
"1191","1191","ACTIVE"
"1192","1192","EXPIRED"
"1193","1193","ACTIVE"
"1194","1194","EXPIRED"
"1195","1195","EXPIRED"
"1196","1196","ACTIVE"
"1197","1197","EXPIRED"
"1198","1198","EXPIRED"
"1199","1199","EXPIRED"
"1200","1200","EXPIRED"
"1201","1201","ACTIVE"
"1202","1202","ACTIVE"
"1203","1203","ACTIVE"
"1204","1204","SUSPENDED"
"1205","1205","EXPIRED"
"1206","1206","EXPIRED"
"1207","1207","ACTIVE"
"1208","1208","ACTIVE"
"1209","1209","EXPIRED"
"1210","1210","EXPIRED"
"1211","1211","EXPIRED"
"1212","1212","FAKE"
"1213","1213","ACTIVE"
"1214","1214","EXPIRED"
"1215","1215","EXPIRED"
"1216","1216","EXPIRED"
"1217","1217","EXPIRED"
"1218","1218","EXPIRED"
"1219","1219","EXPIRED"
"1220","1220","EXPIRED"
"1221","1221","EXPIRED"
"1222","1222","ACTIVE"
"1223","1223","EXPIRED"
"1224","1224","ACTIVE"
"1225","1225","EXPIRED"
"1226","1226","EXPIRED"
"1227","1227","ACTIVE"
"1228","1228","EXPIRED"
"1229","1229","ACTIVE"
"1230","1230","ACTIVE"
"1231","1231","ACTIVE"
"1232","1232","ACTIVE"
"1233","1233","EXPIRED"
"1234","1234","ACTIVE"
"1235","1235","EXPIRED"
"1236","1236","ACTIVE"
"1237","1237","EXPIRED"
"1238","1238","EXPIRED"
"1239","1239","ACTIVE"
"1240","1240","EXPIRED"
"1241","1241","ACTIVE"
"1242","1242","EXPIRED"
"1243","1243","EXPIRED"
"1244","1244","ACTIVE"
"1245","1245","EXPIRED"
"1246","1246","REVOKED"
"1247","1247","SUSPENDED"
"1248","1248","ACTIVE"
"1249","1249","ACTIVE"
"1250","1250","ACTIVE"
"1251","1251","EXPIRED"
"1252","1252","ACTIVE"
"1253","1253","EXPIRED"
"1254","1254","ACTIVE"
"1255","1255","EXPIRED"
"1256","1256","ACTIVE"
"1257","1257","ACTIVE"
"1258","1258","ACTIVE"
"1259","1259","ACTIVE"
"1260","1260","ACTIVE"
"1261","1261","ACTIVE"
"1262","1262","EXPIRED"
"1263","1263","EXPIRED"
"1264","1264","EXPIRED"
"1265","1265","EXPIRED"
"1266","1266","ACTIVE"
"1267","1267","ACTIVE"
"1268","1268","EXPIRED"
"1269","1269","EXPIRED"
"1270","1270","ACTIVE"
"1271","1271","EXPIRED"
"1272","1272","ACTIVE"
"1273","1273","ACTIVE"
"1274","1274","EXPIRED"
"1275","1275","ACTIVE"
"1276","1276","EXPIRED"
"1277","1277","EXPIRED"
"1278","1278","EXPIRED"
"1279","1279","ACTIVE"
"1280","1280","ACTIVE"
"1281","1281","EXPIRED"
"1282","1282","ACTIVE"
"1283","1283","ACTIVE"
"1284","1284","EXPIRED"
"1285","1285","EXPIRED"
"1286","1286","ACTIVE"
"1287","1287","EXPIRED"
"1288","1288","ACTIVE"
"1289","1289","EXPIRED"
"1290","1290","SUSPENDED"
"1291","1291","ACTIVE"
"1292","1292","ACTIVE"
"1293","1293","EXPIRED"
"1294","1294","ACTIVE"
"1295","1295","ACTIVE"
"1296","1296","EXPIRED"
"1297","1297","EXPIRED"
"1298","1298","EXPIRED"
"1299","1299","ACTIVE"
"1300","1300","ACTIVE"
"1301","1301","ACTIVE"
"1302","1302","EXPIRED"
"1303","1303","EXPIRED"
"1304","1304","ACTIVE"
"1305","1305","ACTIVE"
"1306","1306","ACTIVE"
"1307","1307","EXPIRED"
"1308","1308","ACTIVE"
"1309","1309","ACTIVE"
"1310","1310","EXPIRED"
"1311","1311","ACTIVE"
"1312","1312","ACTIVE"
"1313","1313","FAKE"
"1314","1314","ACTIVE"
"1315","1315","EXPIRED"
"1316","1316","ACTIVE"
"1317","1317","EXPIRED"
"1318","1318","EXPIRED"
"1319","1319","EXPIRED"
"1320","1320","ACTIVE"
"1321","1321","EXPIRED"
"1322","1322","EXPIRED"
"1323","1323","EXPIRED"
"1324","1324","EXPIRED"
"1325","1325","ACTIVE"
"1326","1326","ACTIVE"
"1327","1327","ACTIVE"
"1328","1328","EXPIRED"
"1329","1329","EXPIRED"
"1330","1330","EXPIRED"
"1331","1331","ACTIVE"
"1332","1332","ACTIVE"
"1333","1333","SUSPENDED"
"1334","1334","EXPIRED"
"1335","1335","REVOKED"
"1336","1336","EXPIRED"
"1337","1337","EXPIRED"
"1338","1338","EXPIRED"
"1339","1339","EXPIRED"
"1340","1340","ACTIVE"
"1341","1341","ACTIVE"
"1342","1342","EXPIRED"
"1343","1343","EXPIRED"
"1344","1344","ACTIVE"
"1345","1345","ACTIVE"
"1346","1346","EXPIRED"
"1347","1347","ACTIVE"
"1348","1348","EXPIRED"
"1349","1349","EXPIRED"
"1350","1350","EXPIRED"
"1351","1351","EXPIRED"
"1352","1352","ACTIVE"
"1353","1353","EXPIRED"
"1354","1354","ACTIVE"
"1355","1355","EXPIRED"
"1356","1356","ACTIVE"
"1357","1357","ACTIVE"
"1358","1358","EXPIRED"
"1359","1359","ACTIVE"
"1360","1360","EXPIRED"
"1361","1361","EXPIRED"
"1362","1362","ACTIVE"
"1363","1363","EXPIRED"
"1364","1364","EXPIRED"
"1365","1365","ACTIVE"
"1366","1366","ACTIVE"
"1367","1367","ACTIVE"
"1368","1368","EXPIRED"
"1369","1369","EXPIRED"
"1370","1370","EXPIRED"
"1371","1371","EXPIRED"
"1372","1372","ACTIVE"
"1373","1373","ACTIVE"
"1374","1374","EXPIRED"
"1375","1375","EXPIRED"
"1376","1376","SUSPENDED"
"1377","1377","ACTIVE"
"1378","1378","EXPIRED"
"1379","1379","ACTIVE"
"1380","1380","EXPIRED"
"1381","1381","EXPIRED"
"1382","1382","EXPIRED"
"1383","1383","ACTIVE"
"1384","1384","ACTIVE"
"1385","1385","EXPIRED"
"1386","1386","ACTIVE"
"1387","1387","ACTIVE"
"1388","1388","EXPIRED"
"1389","1389","ACTIVE"
"1390","1390","EXPIRED"
"1391","1391","ACTIVE"
"1392","1392","ACTIVE"
"1393","1393","EXPIRED"
"1394","1394","ACTIVE"
"1395","1395","ACTIVE"
"1396","1396","ACTIVE"
"1397","1397","ACTIVE"
"1398","1398","EXPIRED"
"1399","1399","ACTIVE"
"1400","1400","EXPIRED"
"1401","1401","ACTIVE"
"1402","1402","EXPIRED"
"1403","1403","EXPIRED"
"1404","1404","ACTIVE"
"1405","1405","ACTIVE"
"1406","1406","EXPIRED"
"1407","1407","ACTIVE"
"1408","1408","ACTIVE"
"1409","1409","EXPIRED"
"1410","1410","EXPIRED"
"1411","1411","ACTIVE"
"1412","1412","ACTIVE"
"1413","1413","EXPIRED"
"1414","1414","FAKE"
"1415","1415","ACTIVE"
"1416","1416","EXPIRED"
"1417","1417","EXPIRED"
"1418","1418","ACTIVE"
"1419","1419","SUSPENDED"
"1420","1420","EXPIRED"
"1421","1421","EXPIRED"
"1422","1422","EXPIRED"
"1423","1423","ACTIVE"
"1424","1424","REVOKED"
"1425","1425","EXPIRED"
"1426","1426","EXPIRED"
"1427","1427","ACTIVE"
"1428","1428","ACTIVE"
"1429","1429","EXPIRED"
"1430","1430","ACTIVE"
"1431","1431","EXPIRED"
"1432","1432","EXPIRED"
"1433","1433","ACTIVE"
"1434","1434","ACTIVE"
"1435","1435","ACTIVE"
"1436","1436","ACTIVE"
"1437","1437","ACTIVE"
"1438","1438","ACTIVE"
"1439","1439","ACTIVE"
"1440","1440","EXPIRED"
"1441","1441","EXPIRED"
"1442","1442","EXPIRED"
"1443","1443","EXPIRED"
"1444","1444","EXPIRED"
"1445","1445","EXPIRED"
"1446","1446","ACTIVE"
"1447","1447","ACTIVE"
"1448","1448","ACTIVE"
"1449","1449","ACTIVE"
"1450","1450","EXPIRED"
"1451","1451","ACTIVE"
"1452","1452","EXPIRED"
"1453","1453","ACTIVE"
"1454","1454","ACTIVE"
"1455","1455","ACTIVE"
"1456","1456","EXPIRED"
"1457","1457","ACTIVE"
"1458","1458","ACTIVE"
"1459","1459","EXPIRED"
"1460","1460","EXPIRED"
"1461","1461","EXPIRED"
"1462","1462","SUSPENDED"
"1463","1463","ACTIVE"
"1464","1464","ACTIVE"
"1465","1465","ACTIVE"
"1466","1466","EXPIRED"
"1467","1467","ACTIVE"
"1468","1468","ACTIVE"
"1469","1469","EXPIRED"
"1470","1470","EXPIRED"
"1471","1471","EXPIRED"
"1472","1472","ACTIVE"
"1473","1473","EXPIRED"
"1474","1474","ACTIVE"
"1475","1475","EXPIRED"
"1476","1476","ACTIVE"
"1477","1477","ACTIVE"
"1478","1478","ACTIVE"
"1479","1479","ACTIVE"
"1480","1480","ACTIVE"
"1481","1481","EXPIRED"
"1482","1482","ACTIVE"
"1483","1483","ACTIVE"
"1484","1484","EXPIRED"
"1485","1485","ACTIVE"
"1486","1486","ACTIVE"
"1487","1487","ACTIVE"
"1488","1488","EXPIRED"
"1489","1489","ACTIVE"
"1490","1490","EXPIRED"
"1491","1491","EXPIRED"
"1492","1492","EXPIRED"
"1493","1493","ACTIVE"
"1494","1494","ACTIVE"
"1495","1495","EXPIRED"
"1496","1496","EXPIRED"
"1497","1497","ACTIVE"
"1498","1498","EXPIRED"
"1499","1499","EXPIRED"
"1500","1500","ACTIVE"
"1501","1501","EXPIRED"
"1502","1502","EXPIRED"
"1503","1503","EXPIRED"
"1504","1504","EXPIRED"
"1505","1505","SUSPENDED"
"1506","1506","EXPIRED"
"1507","1507","EXPIRED"
"1508","1508","EXPIRED"
"1509","1509","ACTIVE"
"1510","1510","EXPIRED"
"1511","1511","EXPIRED"
"1512","1512","EXPIRED"
"1513","1513","REVOKED"
"1514","1514","ACTIVE"
"1515","1515","FAKE"
"1516","1516","EXPIRED"
"1517","1517","EXPIRED"
"1518","1518","EXPIRED"
"1519","1519","EXPIRED"
"1520","1520","ACTIVE"
"1521","1521","EXPIRED"
"1522","1522","EXPIRED"
"1523","1523","EXPIRED"
"1524","1524","ACTIVE"
"1525","1525","EXPIRED"
"1526","1526","EXPIRED"
"1527","1527","EXPIRED"
"1528","1528","EXPIRED"
"1529","1529","EXPIRED"
"1530","1530","ACTIVE"
"1531","1531","EXPIRED"
"1532","1532","EXPIRED"
"1533","1533","EXPIRED"
"1534","1534","EXPIRED"
"1535","1535","ACTIVE"
"1536","1536","ACTIVE"
"1537","1537","ACTIVE"
"1538","1538","EXPIRED"
"1539","1539","ACTIVE"
"1540","1540","EXPIRED"
"1541","1541","EXPIRED"
"1542","1542","ACTIVE"
"1543","1543","ACTIVE"
"1544","1544","ACTIVE"
"1545","1545","EXPIRED"
"1546","1546","ACTIVE"
"1547","1547","EXPIRED"
"1548","1548","SUSPENDED"
"1549","1549","ACTIVE"
"1550","1550","EXPIRED"
"1551","1551","EXPIRED"
"1552","1552","ACTIVE"
"1553","1553","ACTIVE"
"1554","1554","ACTIVE"
"1555","1555","EXPIRED"
"1556","1556","EXPIRED"
"1557","1557","ACTIVE"
"1558","1558","ACTIVE"
"1559","1559","EXPIRED"
"1560","1560","EXPIRED"
"1561","1561","EXPIRED"
"1562","1562","EXPIRED"
"1563","1563","EXPIRED"
"1564","1564","EXPIRED"
"1565","1565","ACTIVE"
"1566","1566","EXPIRED"
"1567","1567","EXPIRED"
"1568","1568","EXPIRED"
"1569","1569","EXPIRED"
"1570","1570","ACTIVE"
"1571","1571","EXPIRED"
"1572","1572","EXPIRED"
"1573","1573","EXPIRED"
"1574","1574","ACTIVE"
"1575","1575","ACTIVE"
"1576","1576","ACTIVE"
"1577","1577","EXPIRED"
"1578","1578","EXPIRED"
"1579","1579","EXPIRED"
"1580","1580","EXPIRED"
"1581","1581","EXPIRED"
"1582","1582","EXPIRED"
"1583","1583","ACTIVE"
"1584","1584","ACTIVE"
"1585","1585","EXPIRED"
"1586","1586","ACTIVE"
"1587","1587","EXPIRED"
"1588","1588","EXPIRED"
"1589","1589","EXPIRED"
"1590","1590","ACTIVE"
"1591","1591","SUSPENDED"
"1592","1592","EXPIRED"
"1593","1593","ACTIVE"
"1594","1594","EXPIRED"
"1595","1595","ACTIVE"
"1596","1596","ACTIVE"
"1597","1597","ACTIVE"
"1598","1598","EXPIRED"
"1599","1599","ACTIVE"
"1600","1600","ACTIVE"
"1601","1601","EXPIRED"
"1602","1602","REVOKED"
"1603","1603","ACTIVE"
"1604","1604","ACTIVE"
"1605","1605","ACTIVE"
"1606","1606","EXPIRED"
"1607","1607","ACTIVE"
"1608","1608","ACTIVE"
"1609","1609","EXPIRED"
"1610","1610","EXPIRED"
"1611","1611","ACTIVE"
"1612","1612","EXPIRED"
"1613","1613","ACTIVE"
"1614","1614","EXPIRED"
"1615","1615","EXPIRED"
"1616","1616","FAKE"
"1617","1617","EXPIRED"
"1618","1618","ACTIVE"
"1619","1619","ACTIVE"
"1620","1620","EXPIRED"
"1621","1621","EXPIRED"
"1622","1622","ACTIVE"
"1623","1623","EXPIRED"
"1624","1624","ACTIVE"
"1625","1625","EXPIRED"
"1626","1626","ACTIVE"
"1627","1627","EXPIRED"
"1628","1628","EXPIRED"
"1629","1629","ACTIVE"
"1630","1630","ACTIVE"
"1631","1631","EXPIRED"
"1632","1632","EXPIRED"
"1633","1633","EXPIRED"
"1634","1634","SUSPENDED"
"1635","1635","EXPIRED"
"1636","1636","EXPIRED"
"1637","1637","EXPIRED"
"1638","1638","ACTIVE"
"1639","1639","ACTIVE"
"1640","1640","EXPIRED"
"1641","1641","EXPIRED"
"1642","1642","ACTIVE"
"1643","1643","ACTIVE"
"1644","1644","EXPIRED"
"1645","1645","EXPIRED"
"1646","1646","EXPIRED"
"1647","1647","EXPIRED"
"1648","1648","ACTIVE"
"1649","1649","EXPIRED"
"1650","1650","ACTIVE"
"1651","1651","ACTIVE"
"1652","1652","EXPIRED"
"1653","1653","EXPIRED"
"1654","1654","ACTIVE"
"1655","1655","ACTIVE"
"1656","1656","EXPIRED"
"1657","1657","EXPIRED"
"1658","1658","ACTIVE"
"1659","1659","EXPIRED"
"1660","1660","EXPIRED"
"1661","1661","EXPIRED"
"1662","1662","ACTIVE"
"1663","1663","EXPIRED"
"1664","1664","ACTIVE"
"1665","1665","EXPIRED"
"1666","1666","EXPIRED"
"1667","1667","ACTIVE"
"1668","1668","EXPIRED"
"1669","1669","ACTIVE"
"1670","1670","EXPIRED"
"1671","1671","ACTIVE"
"1672","1672","EXPIRED"
"1673","1673","ACTIVE"
"1674","1674","EXPIRED"
"1675","1675","EXPIRED"
"1676","1676","ACTIVE"
"1677","1677","SUSPENDED"
"1678","1678","EXPIRED"
"1679","1679","EXPIRED"
"1680","1680","ACTIVE"
"1681","1681","ACTIVE"
"1682","1682","EXPIRED"
"1683","1683","ACTIVE"
"1684","1684","ACTIVE"
"1685","1685","ACTIVE"
"1686","1686","EXPIRED"
"1687","1687","EXPIRED"
"1688","1688","EXPIRED"
"1689","1689","EXPIRED"
"1690","1690","ACTIVE"
"1691","1691","REVOKED"
"1692","1692","EXPIRED"
"1693","1693","EXPIRED"
"1694","1694","ACTIVE"
"1695","1695","ACTIVE"
"1696","1696","EXPIRED"
"1697","1697","EXPIRED"
"1698","1698","EXPIRED"
"1699","1699","ACTIVE"
"1700","1700","ACTIVE"
"1701","1701","ACTIVE"
"1702","1702","ACTIVE"
"1703","1703","EXPIRED"
"1704","1704","ACTIVE"
"1705","1705","ACTIVE"
"1706","1706","ACTIVE"
"1707","1707","ACTIVE"
"1708","1708","EXPIRED"
"1709","1709","ACTIVE"
"1710","1710","EXPIRED"
"1711","1711","ACTIVE"
"1712","1712","EXPIRED"
"1713","1713","ACTIVE"
"1714","1714","ACTIVE"
"1715","1715","EXPIRED"
"1716","1716","ACTIVE"
"1717","1717","FAKE"
"1718","1718","ACTIVE"
"1719","1719","EXPIRED"
"1720","1720","SUSPENDED"
"1721","1721","ACTIVE"
"1722","1722","EXPIRED"
"1723","1723","ACTIVE"
"1724","1724","ACTIVE"
"1725","1725","EXPIRED"
"1726","1726","ACTIVE"
"1727","1727","EXPIRED"
"1728","1728","ACTIVE"
"1729","1729","ACTIVE"
"1730","1730","EXPIRED"
"1731","1731","ACTIVE"
"1732","1732","EXPIRED"
"1733","1733","EXPIRED"
"1734","1734","EXPIRED"
"1735","1735","EXPIRED"
"1736","1736","ACTIVE"
"1737","1737","EXPIRED"
"1738","1738","ACTIVE"
"1739","1739","ACTIVE"
"1740","1740","ACTIVE"
"1741","1741","EXPIRED"
"1742","1742","EXPIRED"
"1743","1743","ACTIVE"
"1744","1744","EXPIRED"
"1745","1745","EXPIRED"
"1746","1746","EXPIRED"
"1747","1747","EXPIRED"
"1748","1748","EXPIRED"
"1749","1749","EXPIRED"
"1750","1750","ACTIVE"
"1751","1751","EXPIRED"
"1752","1752","ACTIVE"
"1753","1753","ACTIVE"
"1754","1754","ACTIVE"
"1755","1755","ACTIVE"
"1756","1756","EXPIRED"
"1757","1757","EXPIRED"
"1758","1758","EXPIRED"
"1759","1759","ACTIVE"
"1760","1760","EXPIRED"
"1761","1761","ACTIVE"
"1762","1762","ACTIVE"
"1763","1763","SUSPENDED"
"1764","1764","EXPIRED"
"1765","1765","ACTIVE"
"1766","1766","ACTIVE"
"1767","1767","ACTIVE"
"1768","1768","ACTIVE"
"1769","1769","EXPIRED"
"1770","1770","ACTIVE"
"1771","1771","ACTIVE"
"1772","1772","EXPIRED"
"1773","1773","ACTIVE"
"1774","1774","ACTIVE"
"1775","1775","EXPIRED"
"1776","1776","EXPIRED"
"1777","1777","EXPIRED"
"1778","1778","ACTIVE"
"1779","1779","ACTIVE"
"1780","1780","REVOKED"
"1781","1781","EXPIRED"
"1782","1782","EXPIRED"
"1783","1783","EXPIRED"
"1784","1784","ACTIVE"
"1785","1785","EXPIRED"
"1786","1786","ACTIVE"
"1787","1787","EXPIRED"
"1788","1788","EXPIRED"
"1789","1789","EXPIRED"
"1790","1790","ACTIVE"
"1791","1791","EXPIRED"
"1792","1792","EXPIRED"
"1793","1793","ACTIVE"
"1794","1794","ACTIVE"
"1795","1795","ACTIVE"
"1796","1796","EXPIRED"
"1797","1797","EXPIRED"
"1798","1798","ACTIVE"
"1799","1799","EXPIRED"
"1800","1800","ACTIVE"
"1801","1801","EXPIRED"
"1802","1802","EXPIRED"
"1803","1803","EXPIRED"
"1804","1804","ACTIVE"
"1805","1805","ACTIVE"
"1806","1806","SUSPENDED"
"1807","1807","EXPIRED"
"1808","1808","ACTIVE"
"1809","1809","EXPIRED"
"1810","1810","EXPIRED"
"1811","1811","EXPIRED"
"1812","1812","ACTIVE"
"1813","1813","EXPIRED"
"1814","1814","ACTIVE"
"1815","1815","ACTIVE"
"1816","1816","EXPIRED"
"1817","1817","EXPIRED"
"1818","1818","FAKE"
"1819","1819","ACTIVE"
"1820","1820","ACTIVE"
"1821","1821","EXPIRED"
"1822","1822","EXPIRED"
"1823","1823","EXPIRED"
"1824","1824","EXPIRED"
"1825","1825","EXPIRED"
"1826","1826","ACTIVE"
"1827","1827","EXPIRED"
"1828","1828","EXPIRED"
"1829","1829","ACTIVE"
"1830","1830","EXPIRED"
"1831","1831","ACTIVE"
"1832","1832","EXPIRED"
"1833","1833","EXPIRED"
"1834","1834","EXPIRED"
"1835","1835","ACTIVE"
"1836","1836","ACTIVE"
"1837","1837","ACTIVE"
"1838","1838","EXPIRED"
"1839","1839","EXPIRED"
"1840","1840","ACTIVE"
"1841","1841","EXPIRED"
"1842","1842","EXPIRED"
"1843","1843","ACTIVE"
"1844","1844","EXPIRED"
"1845","1845","ACTIVE"
"1846","1846","EXPIRED"
"1847","1847","EXPIRED"
"1848","1848","ACTIVE"
"1849","1849","SUSPENDED"
"1850","1850","ACTIVE"
"1851","1851","EXPIRED"
"1852","1852","ACTIVE"
"1853","1853","ACTIVE"
"1854","1854","EXPIRED"
"1855","1855","ACTIVE"
"1856","1856","EXPIRED"
"1857","1857","EXPIRED"
"1858","1858","ACTIVE"
"1859","1859","EXPIRED"
"1860","1860","ACTIVE"
"1861","1861","EXPIRED"
"1862","1862","EXPIRED"
"1863","1863","ACTIVE"
"1864","1864","ACTIVE"
"1865","1865","ACTIVE"
"1866","1866","EXPIRED"
"1867","1867","EXPIRED"
"1868","1868","EXPIRED"
"1869","1869","REVOKED"
"1870","1870","ACTIVE"
"1871","1871","ACTIVE"
"1872","1872","EXPIRED"
"1873","1873","EXPIRED"
"1874","1874","EXPIRED"
"1875","1875","ACTIVE"
"1876","1876","EXPIRED"
"1877","1877","ACTIVE"
"1878","1878","EXPIRED"
"1879","1879","EXPIRED"
"1880","1880","ACTIVE"
"1881","1881","EXPIRED"
"1882","1882","ACTIVE"
"1883","1883","EXPIRED"
"1884","1884","EXPIRED"
"1885","1885","EXPIRED"
"1886","1886","EXPIRED"
"1887","1887","ACTIVE"
"1888","1888","EXPIRED"
"1889","1889","ACTIVE"
"1890","1890","ACTIVE"
"1891","1891","ACTIVE"
"1892","1892","SUSPENDED"
"1893","1893","EXPIRED"
"1894","1894","ACTIVE"
"1895","1895","EXPIRED"
"1896","1896","ACTIVE"
"1897","1897","ACTIVE"
"1898","1898","ACTIVE"
"1899","1899","EXPIRED"
"1900","1900","ACTIVE"
"1901","1901","EXPIRED"
"1902","1902","ACTIVE"
"1903","1903","ACTIVE"
"1904","1904","ACTIVE"
"1905","1905","EXPIRED"
"1906","1906","ACTIVE"
"1907","1907","ACTIVE"
"1908","1908","ACTIVE"
"1909","1909","ACTIVE"
"1910","1910","ACTIVE"
"1911","1911","ACTIVE"
"1912","1912","EXPIRED"
"1913","1913","EXPIRED"
"1914","1914","ACTIVE"
"1915","1915","EXPIRED"
"1916","1916","EXPIRED"
"1917","1917","ACTIVE"
"1918","1918","EXPIRED"
"1919","1919","FAKE"
"1920","1920","ACTIVE"
"1921","1921","EXPIRED"
"1922","1922","EXPIRED"
"1923","1923","EXPIRED"
"1924","1924","ACTIVE"
"1925","1925","EXPIRED"
"1926","1926","ACTIVE"
"1927","1927","ACTIVE"
"1928","1928","ACTIVE"
"1929","1929","EXPIRED"
"1930","1930","EXPIRED"
"1931","1931","EXPIRED"
"1932","1932","ACTIVE"
"1933","1933","ACTIVE"
"1934","1934","ACTIVE"
"1935","1935","SUSPENDED"
"1936","1936","ACTIVE"
"1937","1937","EXPIRED"
"1938","1938","EXPIRED"
"1939","1939","EXPIRED"
"1940","1940","ACTIVE"
"1941","1941","EXPIRED"
"1942","1942","EXPIRED"
"1943","1943","ACTIVE"
"1944","1944","ACTIVE"
"1945","1945","ACTIVE"
"1946","1946","ACTIVE"
"1947","1947","ACTIVE"
"1948","1948","EXPIRED"
"1949","1949","EXPIRED"
"1950","1950","ACTIVE"
"1951","1951","ACTIVE"
"1952","1952","ACTIVE"
"1953","1953","EXPIRED"
"1954","1954","EXPIRED"
"1955","1955","ACTIVE"
"1956","1956","EXPIRED"
"1957","1957","EXPIRED"
"1958","1958","REVOKED"
"1959","1959","ACTIVE"
"1960","1960","EXPIRED"
"1961","1961","ACTIVE"
"1962","1962","ACTIVE"
"1963","1963","ACTIVE"
"1964","1964","ACTIVE"
"1965","1965","EXPIRED"
"1966","1966","ACTIVE"
"1967","1967","ACTIVE"
"1968","1968","ACTIVE"
"1969","1969","ACTIVE"
"1970","1970","EXPIRED"
"1971","1971","ACTIVE"
"1972","1972","ACTIVE"
"1973","1973","EXPIRED"
"1974","1974","ACTIVE"
"1975","1975","ACTIVE"
"1976","1976","EXPIRED"
"1977","1977","EXPIRED"
"1978","1978","SUSPENDED"
"1979","1979","EXPIRED"
"1980","1980","EXPIRED"
"1981","1981","ACTIVE"
"1982","1982","ACTIVE"
"1983","1983","ACTIVE"
"1984","1984","EXPIRED"
"1985","1985","ACTIVE"
"1986","1986","EXPIRED"
"1987","1987","EXPIRED"
"1988","1988","EXPIRED"
"1989","1989","EXPIRED"
"1990","1990","ACTIVE"
"1991","1991","EXPIRED"
"1992","1992","ACTIVE"
"1993","1993","EXPIRED"
"1994","1994","EXPIRED"
"1995","1995","ACTIVE"
"1996","1996","EXPIRED"
"1997","1997","ACTIVE"
"1998","1998","ACTIVE"
"1999","1999","EXPIRED"
"2000","2000","ACTIVE"
