"id","current_owner_citizen_id","plate_number","registration_status"
"1","1","T001ABC","ACTIVE"
"2","2","T002ABC","ACTIVE"
"3","3","T003ABC","ACTIVE"
"4","4","T004ABC","ACTIVE"
"5","5","T005ABC","ACTIVE"
"6","6","T006ABC","ACTIVE"
"7","7","T007ABC","ACTIVE"
"8","8","T008ABC","ACTIVE"
"9","9","T009ABC","ACTIVE"
"10","10","T010ABC","ACTIVE"
"11","11","T011ABC","ACTIVE"
"12","12","T012ABC","ACTIVE"
"13","13","T013ABC","ACTIVE"
"14","14","T014ABC","ACTIVE"
"15","15","T015ABC","ACTIVE"
"16","16","T016ABC","ACTIVE"
"17","17","T017ABC","ACTIVE"
"18","18","T018ABC","ACTIVE"
"19","19","T019ABC","ACTIVE"
"20","20","T020ABC","ACTIVE"
"21","21","T021ABC","ACTIVE"
"22","22","T022ABC","ACTIVE"
"23","23","T023ABC","ACTIVE"
"24","24","T024ABC","ACTIVE"
"25","25","T025ABC","ACTIVE"
"26","26","T026ABC","ACTIVE"
"27","27","T027ABC","ACTIVE"
"28","28","T028ABC","ACTIVE"
"29","29","T029ABC","ACTIVE"
"30","30","T030ABC","ACTIVE"
"31","31","T031ABC","ACTIVE"
"32","32","T032ABC","ACTIVE"
"33","33","T033ABC","ACTIVE"
"34","34","T034ABC","ACTIVE"
"35","35","T035ABC","ACTIVE"
"36","36","T036ABC","ACTIVE"
"37","37","T037ABC","ACTIVE"
"38","38","T038ABC","ACTIVE"
"39","39","T039ABC","ACTIVE"
"40","40","T040ABC","ACTIVE"
"41","41","T041ABC","STOLEN"
"42","42","T042ABC","ACTIVE"
"43","43","T043ABC","ACTIVE"
"44","44","T044ABC","ACTIVE"
"45","45","T045ABC","ACTIVE"
"46","46","T046ABC","ACTIVE"
"47","47","T047ABC","ACTIVE"
"48","48","T048ABC","ACTIVE"
"49","49","T049ABC","ACTIVE"
"50","50","T050ABC","ACTIVE"
"51","51","T051ABC","ACTIVE"
"52","52","T052ABC","ACTIVE"
"53","53","T053ABC","ACTIVE"
"54","54","T054ABC","ACTIVE"
"55","55","T055ABC","ACTIVE"
"56","56","T056ABC","ACTIVE"
"57","57","T057ABC","ACTIVE"
"58","58","T058ABC","ACTIVE"
"59","59","T059ABC","ACTIVE"
"60","60","T060ABC","ACTIVE"
"61","61","T061ABC","ACTIVE"
"62","62","T062ABC","ACTIVE"
"63","63","T063ABC","ACTIVE"
"64","64","T064ABC","ACTIVE"
"65","65","T065ABC","ACTIVE"
"66","66","T066ABC","ACTIVE"
"67","67","T067ABC","ACTIVE"
"68","68","T068ABC","ACTIVE"
"69","69","T069ABC","ACTIVE"
"70","70","T070ABC","ACTIVE"
"71","71","T071ABC","ACTIVE"
"72","72","T072ABC","ACTIVE"
"73","73","T073ABC","ACTIVE"
"74","74","T074ABC","ACTIVE"
"75","75","T075ABC","ACTIVE"
"76","76","T076ABC","ACTIVE"
"77","77","T077ABC","ACTIVE"
"78","78","T078ABC","ACTIVE"
"79","79","T079ABC","ACTIVE"
"80","80","T080ABC","ACTIVE"
"81","81","T081ABC","ACTIVE"
"82","82","T082ABC","STOLEN"
"83","83","T083ABC","ACTIVE"
"84","84","T084ABC","ACTIVE"
"85","85","T085ABC","ACTIVE"
"86","86","T086ABC","ACTIVE"
"87","87","T087ABC","ACTIVE"
"88","88","T088ABC","ACTIVE"
"89","89","T089ABC","ACTIVE"
"90","90","T090ABC","ACTIVE"
"91","91","T091ABC","ACTIVE"
"92","92","T092ABC","ACTIVE"
"93","93","T093ABC","ACTIVE"
"94","94","T094ABC","ACTIVE"
"95","95","T095ABC","ACTIVE"
"96","96","T096ABC","ACTIVE"
"97","97","T097ABC","ACTIVE"
"98","98","T098ABC","ACTIVE"
"99","99","T099ABC","ACTIVE"
"100","100","T100ABC","ACTIVE"
"101","101","T101ABC","ACTIVE"
"102","102","T102ABC","ACTIVE"
"103","103","T103ABC","ACTIVE"
"104","104","T104ABC","ACTIVE"
"105","105","T105ABC","ACTIVE"
"106","106","T106ABC","ACTIVE"
"107","107","T107ABC","ACTIVE"
"108","108","T108ABC","ACTIVE"
"109","109","T109ABC","ACTIVE"
"110","110","T110ABC","ACTIVE"
"111","111","T111ABC","ACTIVE"
"112","112","T112ABC","ACTIVE"
"113","113","T113ABC","ACTIVE"
"114","114","T114ABC","ACTIVE"
"115","115","T115ABC","ACTIVE"
"116","116","T116ABC","ACTIVE"
"117","117","T117ABC","ACTIVE"
"118","118","T118ABC","ACTIVE"
"119","119","T119ABC","ACTIVE"
"120","120","T120ABC","ACTIVE"
"121","121","T121ABC","ACTIVE"
"122","122","T122ABC","ACTIVE"
"123","123","T123ABC","STOLEN"
"124","124","T124ABC","ACTIVE"
"125","125","T125ABC","ACTIVE"
"126","126","T126ABC","ACTIVE"
"127","127","T127ABC","ACTIVE"
"128","128","T128ABC","ACTIVE"
"129","129","T129ABC","ACTIVE"
"130","130","T130ABC","ACTIVE"
"131","131","T131ABC","ACTIVE"
"132","132","T132ABC","ACTIVE"
"133","133","T133ABC","ACTIVE"
"134","134","T134ABC","ACTIVE"
"135","135","T135ABC","ACTIVE"
"136","136","T136ABC","ACTIVE"
"137","137","T137ABC","ACTIVE"
"138","138","T138ABC","ACTIVE"
"139","139","T139ABC","ACTIVE"
"140","140","T140ABC","ACTIVE"
"141","141","T141ABC","ACTIVE"
"142","142","T142ABC","ACTIVE"
"143","143","T143ABC","ACTIVE"
"144","144","T144ABC","ACTIVE"
"145","145","T145ABC","ACTIVE"
"146","146","T146ABC","ACTIVE"
"147","147","T147ABC","ACTIVE"
"148","148","T148ABC","ACTIVE"
"149","149","T149ABC","ACTIVE"
"150","150","T150ABC","ACTIVE"
"151","151","T151ABC","ACTIVE"
"152","152","T152ABC","ACTIVE"
"153","153","T153ABC","ACTIVE"
"154","154","T154ABC","ACTIVE"
"155","155","T155ABC","ACTIVE"
"156","156","T156ABC","ACTIVE"
"157","157","T157ABC","ACTIVE"
"158","158","T158ABC","ACTIVE"
"159","159","T159ABC","ACTIVE"
"160","160","T160ABC","ACTIVE"
"161","161","T161ABC","ACTIVE"
"162","162","T162ABC","ACTIVE"
"163","163","T163ABC","ACTIVE"
"164","164","T164ABC","STOLEN"
"165","165","T165ABC","ACTIVE"
"166","166","T166ABC","ACTIVE"
"167","167","T167ABC","ACTIVE"
"168","168","T168ABC","ACTIVE"
"169","169","T169ABC","ACTIVE"
"170","170","T170ABC","ACTIVE"
"171","171","T171ABC","ACTIVE"
"172","172","T172ABC","ACTIVE"
"173","173","T173ABC","ACTIVE"
"174","174","T174ABC","ACTIVE"
"175","175","T175ABC","ACTIVE"
"176","176","T176ABC","ACTIVE"
"177","177","T177ABC","ACTIVE"
"178","178","T178ABC","ACTIVE"
"179","179","T179ABC","ACTIVE"
"180","180","T180ABC","ACTIVE"
"181","181","T181ABC","ACTIVE"
"182","182","T182ABC","ACTIVE"
"183","183","T183ABC","ACTIVE"
"184","184","T184ABC","ACTIVE"
"185","185","T185ABC","ACTIVE"
"186","186","T186ABC","ACTIVE"
"187","187","T187ABC","ACTIVE"
"188","188","T188ABC","ACTIVE"
"189","189","T189ABC","ACTIVE"
"190","190","T190ABC","ACTIVE"
"191","191","T191ABC","ACTIVE"
"192","192","T192ABC","ACTIVE"
"193","193","T193ABC","ACTIVE"
"194","194","T194ABC","ACTIVE"
"195","195","T195ABC","ACTIVE"
"196","196","T196ABC","ACTIVE"
"197","197","T197ABC","ACTIVE"
"198","198","T198ABC","ACTIVE"
"199","199","T199ABC","ACTIVE"
"200","200","T200ABC","ACTIVE"
"201","201","T201ABC","ACTIVE"
"202","202","T202ABC","ACTIVE"
"203","203","T203ABC","ACTIVE"
"204","204","T204ABC","ACTIVE"
"205","205","T205ABC","STOLEN"
"206","206","T206ABC","ACTIVE"
"207","207","T207ABC","ACTIVE"
"208","208","T208ABC","ACTIVE"
"209","209","T209ABC","ACTIVE"
"210","210","T210ABC","ACTIVE"
"211","211","T211ABC","ACTIVE"
"212","212","T212ABC","ACTIVE"
"213","213","T213ABC","ACTIVE"
"214","214","T214ABC","ACTIVE"
"215","215","T215ABC","ACTIVE"
"216","216","T216ABC","ACTIVE"
"217","217","T217ABC","ACTIVE"
"218","218","T218ABC","ACTIVE"
"219","219","T219ABC","ACTIVE"
"220","220","T220ABC","ACTIVE"
"221","221","T221ABC","ACTIVE"
"222","222","T222ABC","ACTIVE"
"223","223","T223ABC","ACTIVE"
"224","224","T224ABC","ACTIVE"
"225","225","T225ABC","ACTIVE"
"226","226","T226ABC","ACTIVE"
"227","227","T227ABC","ACTIVE"
"228","228","T228ABC","ACTIVE"
"229","229","T229ABC","ACTIVE"
"230","230","T230ABC","ACTIVE"
"231","231","T231ABC","ACTIVE"
"232","232","T232ABC","ACTIVE"
"233","233","T233ABC","ACTIVE"
"234","234","T234ABC","ACTIVE"
"235","235","T235ABC","ACTIVE"
"236","236","T236ABC","ACTIVE"
"237","237","T237ABC","ACTIVE"
"238","238","T238ABC","ACTIVE"
"239","239","T239ABC","ACTIVE"
"240","240","T240ABC","ACTIVE"
"241","241","T241ABC","ACTIVE"
"242","242","T242ABC","ACTIVE"
"243","243","T243ABC","ACTIVE"
"244","244","T244ABC","ACTIVE"
"245","245","T245ABC","ACTIVE"
"246","246","T246ABC","STOLEN"
"247","247","T247ABC","ACTIVE"
"248","248","T248ABC","ACTIVE"
"249","249","T249ABC","ACTIVE"
"250","250","T250ABC","ACTIVE"
"251","251","T251ABC","ACTIVE"
"252","252","T252ABC","ACTIVE"
"253","253","T253ABC","ACTIVE"
"254","254","T254ABC","ACTIVE"
"255","255","T255ABC","ACTIVE"
"256","256","T256ABC","ACTIVE"
"257","257","T257ABC","ACTIVE"
"258","258","T258ABC","ACTIVE"
"259","259","T259ABC","ACTIVE"
"260","260","T260ABC","ACTIVE"
"261","261","T261ABC","ACTIVE"
"262","262","T262ABC","ACTIVE"
"263","263","T263ABC","ACTIVE"
"264","264","T264ABC","ACTIVE"
"265","265","T265ABC","ACTIVE"
"266","266","T266ABC","ACTIVE"
"267","267","T267ABC","ACTIVE"
"268","268","T268ABC","ACTIVE"
"269","269","T269ABC","ACTIVE"
"270","270","T270ABC","ACTIVE"
"271","271","T271ABC","ACTIVE"
"272","272","T272ABC","ACTIVE"
"273","273","T273ABC","ACTIVE"
"274","274","T274ABC","ACTIVE"
"275","275","T275ABC","ACTIVE"
"276","276","T276ABC","ACTIVE"
"277","277","T277ABC","ACTIVE"
"278","278","T278ABC","ACTIVE"
"279","279","T279ABC","ACTIVE"
"280","280","T280ABC","ACTIVE"
"281","281","T281ABC","ACTIVE"
"282","282","T282ABC","ACTIVE"
"283","283","T283ABC","ACTIVE"
"284","284","T284ABC","ACTIVE"
"285","285","T285ABC","ACTIVE"
"286","286","T286ABC","ACTIVE"
"287","287","T287ABC","STOLEN"
"288","288","T288ABC","ACTIVE"
"289","289","T289ABC","ACTIVE"
"290","290","T290ABC","ACTIVE"
"291","291","T291ABC","ACTIVE"
"292","292","T292ABC","ACTIVE"
"293","293","T293ABC","ACTIVE"
"294","294","T294ABC","ACTIVE"
"295","295","T295ABC","ACTIVE"
"296","296","T296ABC","ACTIVE"
"297","297","T297ABC","ACTIVE"
"298","298","T298ABC","ACTIVE"
"299","299","T299ABC","ACTIVE"
"300","300","T300ABC","ACTIVE"
"301","301","T301ABC","ACTIVE"
"302","302","T302ABC","ACTIVE"
"303","303","T303ABC","ACTIVE"
"304","304","T304ABC","ACTIVE"
"305","305","T305ABC","ACTIVE"
"306","306","T306ABC","ACTIVE"
"307","307","T307ABC","ACTIVE"
"308","308","T308ABC","ACTIVE"
"309","309","T309ABC","ACTIVE"
"310","310","T310ABC","ACTIVE"
"311","311","T311ABC","ACTIVE"
"312","312","T312ABC","ACTIVE"
"313","313","T313ABC","ACTIVE"
"314","314","T314ABC","ACTIVE"
"315","315","T315ABC","ACTIVE"
"316","316","T316ABC","ACTIVE"
"317","317","T317ABC","ACTIVE"
"318","318","T318ABC","ACTIVE"
"319","319","T319ABC","ACTIVE"
"320","320","T320ABC","ACTIVE"
"321","321","T321ABC","ACTIVE"
"322","322","T322ABC","ACTIVE"
"323","323","T323ABC","ACTIVE"
"324","324","T324ABC","ACTIVE"
"325","325","T325ABC","ACTIVE"
"326","326","T326ABC","ACTIVE"
"327","327","T327ABC","ACTIVE"
"328","328","T328ABC","STOLEN"
"329","329","T329ABC","ACTIVE"
"330","330","T330ABC","ACTIVE"
"331","331","T331ABC","ACTIVE"
"332","332","T332ABC","ACTIVE"
"333","333","T333ABC","ACTIVE"
"334","334","T334ABC","ACTIVE"
"335","335","T335ABC","ACTIVE"
"336","336","T336ABC","ACTIVE"
"337","337","T337ABC","ACTIVE"
"338","338","T338ABC","ACTIVE"
"339","339","T339ABC","ACTIVE"
"340","340","T340ABC","ACTIVE"
"341","341","T341ABC","ACTIVE"
"342","342","T342ABC","ACTIVE"
"343","343","T343ABC","ACTIVE"
"344","344","T344ABC","ACTIVE"
"345","345","T345ABC","ACTIVE"
"346","346","T346ABC","ACTIVE"
"347","347","T347ABC","ACTIVE"
"348","348","T348ABC","ACTIVE"
"349","349","T349ABC","ACTIVE"
"350","350","T350ABC","ACTIVE"
"351","351","T351ABC","ACTIVE"
"352","352","T352ABC","ACTIVE"
"353","353","T353ABC","ACTIVE"
"354","354","T354ABC","ACTIVE"
"355","355","T355ABC","ACTIVE"
"356","356","T356ABC","ACTIVE"
"357","357","T357ABC","ACTIVE"
"358","358","T358ABC","ACTIVE"
"359","359","T359ABC","ACTIVE"
"360","360","INVALIDPLATE","ACTIVE"
"361","361","T361ABC","ACTIVE"
"362","362","T362ABC","ACTIVE"
"363","363","T363ABC","ACTIVE"
"364","364","T364ABC","ACTIVE"
"365","365","T365ABC","ACTIVE"
"366","366","T366ABC","ACTIVE"
"367","367","T367ABC","ACTIVE"
"368","368","T368ABC","ACTIVE"
"369","369","T369ABC","STOLEN"
"370","370","T370ABC","ACTIVE"
"371","371","T371ABC","ACTIVE"
"372","372","T372ABC","ACTIVE"
"373","373","T373ABC","ACTIVE"
"374","374","T374ABC","ACTIVE"
"375","375","T375ABC","ACTIVE"
"376","376","T376ABC","ACTIVE"
"377","377","T377ABC","ACTIVE"
"378","378","T378ABC","ACTIVE"
"379","379","T379ABC","ACTIVE"
"380","380","T380ABC","ACTIVE"
"381","381","T381ABC","ACTIVE"
"382","382","T382ABC","ACTIVE"
"383","383","T383ABC","ACTIVE"
"384","384","T384ABC","ACTIVE"
"385","385","T385ABC","ACTIVE"
"386","386","T386ABC","ACTIVE"
"387","387","T387ABC","ACTIVE"
"388","388","T388ABC","ACTIVE"
"389","389","T389ABC","ACTIVE"
"390","390","T390ABC","ACTIVE"
"391","391","T391ABC","ACTIVE"
"392","392","T392ABC","ACTIVE"
"393","393","T393ABC","ACTIVE"
"394","394","T394ABC","ACTIVE"
"395","395","T395ABC","ACTIVE"
"396","396","T396ABC","ACTIVE"
"397","397","T397ABC","ACTIVE"
"398","398","T398ABC","ACTIVE"
"399","399","T399ABC","ACTIVE"
"400","400","T400ABC","ACTIVE"
"401","401","T401ABC","ACTIVE"
"402","402","T402ABC","ACTIVE"
"403","403","T403ABC","ACTIVE"
"404","404","T404ABC","ACTIVE"
"405","405","T405ABC","ACTIVE"
"406","406","T406ABC","ACTIVE"
"407","407","T407ABC","ACTIVE"
"408","408","T408ABC","ACTIVE"
"409","409","T409ABC","ACTIVE"
"410","410","T410ABC","STOLEN"
"411","411","T411ABC","ACTIVE"
"412","412","T412ABC","ACTIVE"
"413","413","T413ABC","ACTIVE"
"414","414","T414ABC","ACTIVE"
"415","415","T415ABC","ACTIVE"
"416","416","T416ABC","ACTIVE"
"417","417","T417ABC","ACTIVE"
"418","418","T418ABC","ACTIVE"
"419","419","T419ABC","ACTIVE"
"420","420","T420ABC","ACTIVE"
"421","421","T421ABC","ACTIVE"
"422","422","T422ABC","ACTIVE"
"423","423","T423ABC","ACTIVE"
"424","424","T424ABC","ACTIVE"
"425","425","T425ABC","ACTIVE"
"426","426","T426ABC","ACTIVE"
"427","427","T427ABC","ACTIVE"
"428","428","T428ABC","ACTIVE"
"429","429","T429ABC","ACTIVE"
"430","430","T430ABC","ACTIVE"
"431","431","T431ABC","ACTIVE"
"432","432","T432ABC","ACTIVE"
"433","433","T433ABC","ACTIVE"
"434","434","T434ABC","ACTIVE"
"435","435","T435ABC","ACTIVE"
"436","436","T436ABC","ACTIVE"
"437","437","T437ABC","ACTIVE"
"438","438","T438ABC","ACTIVE"
"439","439","T439ABC","ACTIVE"
"440","440","T440ABC","ACTIVE"
"441","441","T441ABC","ACTIVE"
"442","442","T442ABC","ACTIVE"
"443","443","T443ABC","ACTIVE"
"444","444","T444ABC","ACTIVE"
"445","445","T445ABC","ACTIVE"
"446","446","T446ABC","ACTIVE"
"447","447","T447ABC","ACTIVE"
"448","448","T448ABC","ACTIVE"
"449","449","T449ABC","ACTIVE"
"450","450","T450ABC","ACTIVE"
"451","451","T451ABC","STOLEN"
"452","452","T452ABC","ACTIVE"
"453","453","T453ABC","ACTIVE"
"454","454","T454ABC","ACTIVE"
"455","455","T455ABC","ACTIVE"
"456","456","T456ABC","ACTIVE"
"457","457","T457ABC","ACTIVE"
"458","458","T458ABC","ACTIVE"
"459","459","T459ABC","ACTIVE"
"460","460","T460ABC","ACTIVE"
"461","461","T461ABC","ACTIVE"
"462","462","T462ABC","ACTIVE"
"463","463","T463ABC","ACTIVE"
"464","464","T464ABC","ACTIVE"
"465","465","T465ABC","ACTIVE"
"466","466","T466ABC","ACTIVE"
"467","467","T467ABC","ACTIVE"
"468","468","T468ABC","ACTIVE"
"469","469","T469ABC","ACTIVE"
"470","470","T470ABC","ACTIVE"
"471","471","T471ABC","ACTIVE"
"472","472","T472ABC","ACTIVE"
"473","473","T473ABC","ACTIVE"
"474","474","T474ABC","ACTIVE"
"475","475","T475ABC","ACTIVE"
"476","476","T476ABC","ACTIVE"
"477","477","T477ABC","ACTIVE"
"478","478","T478ABC","ACTIVE"
"479","479","T479ABC","ACTIVE"
"480","480","T480ABC","ACTIVE"
"481","481","T481ABC","ACTIVE"
"482","482","T482ABC","ACTIVE"
"483","483","T483ABC","ACTIVE"
"484","484","T484ABC","ACTIVE"
"485","485","T485ABC","ACTIVE"
"486","486","T486ABC","ACTIVE"
"487","487","T487ABC","ACTIVE"
"488","488","T488ABC","ACTIVE"
"489","489","T489ABC","ACTIVE"
"490","490","T490ABC","ACTIVE"
"491","491","T491ABC","ACTIVE"
"492","492","T492ABC","STOLEN"
"493","493","T493ABC","ACTIVE"
"494","494","T494ABC","ACTIVE"
"495","495","T495ABC","ACTIVE"
"496","496","T496ABC","ACTIVE"
"497","497","T497ABC","ACTIVE"
"498","498","T498ABC","ACTIVE"
"499","499","T499ABC","ACTIVE"
"500","500","T500ABC","ACTIVE"
"501","501","T501ABC","ACTIVE"
"502","502","T502ABC","ACTIVE"
"503","503","T503ABC","ACTIVE"
"504","504","T504ABC","ACTIVE"
"505","505","T505ABC","ACTIVE"
"506","506","T506ABC","ACTIVE"
"507","507","T507ABC","ACTIVE"
"508","508","T508ABC","ACTIVE"
"509","509","T509ABC","ACTIVE"
"510","510","T510ABC","ACTIVE"
"511","511","T511ABC","ACTIVE"
"512","512","T512ABC","ACTIVE"
"513","513","T513ABC","ACTIVE"
"514","514","T514ABC","ACTIVE"
"515","515","T515ABC","ACTIVE"
"516","516","T516ABC","ACTIVE"
"517","517","T517ABC","ACTIVE"
"518","518","T518ABC","ACTIVE"
"519","519","T519ABC","ACTIVE"
"520","520","T520ABC","ACTIVE"
"521","521","T521ABC","ACTIVE"
"522","522","T522ABC","ACTIVE"
"523","523","T523ABC","ACTIVE"
"524","524","T524ABC","ACTIVE"
"525","525","T525ABC","ACTIVE"
"526","526","T526ABC","ACTIVE"
"527","527","T527ABC","ACTIVE"
"528","528","T528ABC","ACTIVE"
"529","529","T529ABC","ACTIVE"
"530","530","T530ABC","ACTIVE"
"531","531","T531ABC","ACTIVE"
"532","532","T532ABC","ACTIVE"
"533","533","T533ABC","STOLEN"
"534","534","T534ABC","ACTIVE"
"535","535","T535ABC","ACTIVE"
"536","536","T536ABC","ACTIVE"
"537","537","T537ABC","ACTIVE"
"538","538","T538ABC","ACTIVE"
"539","539","T539ABC","ACTIVE"
"540","540","T540ABC","ACTIVE"
"541","541","T541ABC","ACTIVE"
"542","542","T542ABC","ACTIVE"
"543","543","T543ABC","ACTIVE"
"544","544","T544ABC","ACTIVE"
"545","545","T545ABC","ACTIVE"
"546","546","T546ABC","ACTIVE"
"547","547","T547ABC","ACTIVE"
"548","548","T548ABC","ACTIVE"
"549","549","T549ABC","ACTIVE"
"550","550","T550ABC","ACTIVE"
"551","551","T551ABC","ACTIVE"
"552","552","T552ABC","ACTIVE"
"553","553","T553ABC","ACTIVE"
"554","554","T554ABC","ACTIVE"
"555","555","T555ABC","ACTIVE"
"556","556","T556ABC","ACTIVE"
"557","557","T557ABC","ACTIVE"
"558","558","T558ABC","ACTIVE"
"559","559","T559ABC","ACTIVE"
"560","560","T560ABC","ACTIVE"
"561","561","T561ABC","ACTIVE"
"562","562","T562ABC","ACTIVE"
"563","563","T563ABC","ACTIVE"
"564","564","T564ABC","ACTIVE"
"565","565","T565ABC","ACTIVE"
"566","566","T566ABC","ACTIVE"
"567","567","T567ABC","ACTIVE"
"568","568","T568ABC","ACTIVE"
"569","569","T569ABC","ACTIVE"
"570","570","T570ABC","ACTIVE"
"571","571","T571ABC","ACTIVE"
"572","572","T572ABC","ACTIVE"
"573","573","T573ABC","ACTIVE"
"574","574","T574ABC","STOLEN"
"575","575","T575ABC","ACTIVE"
"576","576","T576ABC","ACTIVE"
"577","577","T577ABC","ACTIVE"
"578","578","T578ABC","ACTIVE"
"579","579","T579ABC","ACTIVE"
"580","580","T580ABC","ACTIVE"
"581","581","T581ABC","ACTIVE"
"582","582","T582ABC","ACTIVE"
"583","583","T583ABC","ACTIVE"
"584","584","T584ABC","ACTIVE"
"585","585","T585ABC","ACTIVE"
"586","586","T586ABC","ACTIVE"
"587","587","T587ABC","ACTIVE"
"588","588","T588ABC","ACTIVE"
"589","589","T589ABC","ACTIVE"
"590","590","T590ABC","ACTIVE"
"591","591","T591ABC","ACTIVE"
"592","592","T592ABC","ACTIVE"
"593","593","T593ABC","ACTIVE"
"594","594","T594ABC","ACTIVE"
"595","595","T595ABC","ACTIVE"
"596","596","T596ABC","ACTIVE"
"597","597","T597ABC","ACTIVE"
"598","598","T598ABC","ACTIVE"
"599","599","T599ABC","ACTIVE"
"600","600","T600ABC","ACTIVE"
"601","601","T601ABC","ACTIVE"
"602","602","T602ABC","ACTIVE"
"603","603","T603ABC","ACTIVE"
"604","604","T604ABC","ACTIVE"
"605","605","T605ABC","ACTIVE"
"606","606","T606ABC","ACTIVE"
"607","607","T607ABC","ACTIVE"
"608","608","T608ABC","ACTIVE"
"609","609","T609ABC","ACTIVE"
"610","610","T610ABC","ACTIVE"
"611","611","T611ABC","ACTIVE"
"612","612","T612ABC","ACTIVE"
"613","613","T613ABC","ACTIVE"
"614","614","T614ABC","ACTIVE"
"615","615","T615ABC","STOLEN"
"616","616","T616ABC","ACTIVE"
"617","617","T617ABC","ACTIVE"
"618","618","T618ABC","ACTIVE"
"619","619","T619ABC","ACTIVE"
"620","620","T620ABC","ACTIVE"
"621","621","T621ABC","ACTIVE"
"622","622","T622ABC","ACTIVE"
"623","623","T623ABC","ACTIVE"
"624","624","T624ABC","ACTIVE"
"625","625","T625ABC","ACTIVE"
"626","626","T626ABC","ACTIVE"
"627","627","T627ABC","ACTIVE"
"628","628","T628ABC","ACTIVE"
"629","629","T629ABC","ACTIVE"
"630","630","T630ABC","ACTIVE"
"631","631","T631ABC","ACTIVE"
"632","632","T632ABC","ACTIVE"
"633","633","T633ABC","ACTIVE"
"634","634","T634ABC","ACTIVE"
"635","635","T635ABC","ACTIVE"
"636","636","T636ABC","ACTIVE"
"637","637","T637ABC","ACTIVE"
"638","638","T638ABC","ACTIVE"
"639","639","T639ABC","ACTIVE"
"640","640","T640ABC","ACTIVE"
"641","641","T641ABC","ACTIVE"
"642","642","T642ABC","ACTIVE"
"643","643","T643ABC","ACTIVE"
"644","644","T644ABC","ACTIVE"
"645","645","T645ABC","ACTIVE"
"646","646","T646ABC","ACTIVE"
"647","647","T647ABC","ACTIVE"
"648","648","T648ABC","ACTIVE"
"649","649","T649ABC","ACTIVE"
"650","650","T650ABC","ACTIVE"
"651","651","T651ABC","ACTIVE"
"652","652","T652ABC","ACTIVE"
"653","653","T653ABC","ACTIVE"
"654","654","T654ABC","ACTIVE"
"655","655","T655ABC","ACTIVE"
"656","656","T656ABC","STOLEN"
"657","657","T657ABC","ACTIVE"
"658","658","T658ABC","ACTIVE"
"659","659","T659ABC","ACTIVE"
"660","660","T660ABC","ACTIVE"
"661","661","T661ABC","ACTIVE"
"662","662","T662ABC","ACTIVE"
"663","663","T663ABC","ACTIVE"
"664","664","T664ABC","ACTIVE"
"665","665","T665ABC","ACTIVE"
"666","666","T666ABC","ACTIVE"
"667","667","T667ABC","ACTIVE"
"668","668","T668ABC","ACTIVE"
"669","669","T669ABC","ACTIVE"
"670","670","T670ABC","ACTIVE"
"671","671","T671ABC","ACTIVE"
"672","672","T672ABC","ACTIVE"
"673","673","T673ABC","ACTIVE"
"674","674","T674ABC","ACTIVE"
"675","675","T675ABC","ACTIVE"
"676","676","T676ABC","ACTIVE"
"677","677","T677ABC","ACTIVE"
"678","678","T678ABC","ACTIVE"
"679","679","T679ABC","ACTIVE"
"680","680","T680ABC","ACTIVE"
"681","681","T681ABC","ACTIVE"
"682","682","T682ABC","ACTIVE"
"683","683","T683ABC","ACTIVE"
"684","684","T684ABC","ACTIVE"
"685","685","T685ABC","ACTIVE"
"686","686","T686ABC","ACTIVE"
"687","687","T687ABC","ACTIVE"
"688","688","T688ABC","ACTIVE"
"689","689","T689ABC","ACTIVE"
"690","690","T690ABC","ACTIVE"
"691","691","T691ABC","ACTIVE"
"692","692","T692ABC","ACTIVE"
"693","693","T693ABC","ACTIVE"
"694","694","T694ABC","ACTIVE"
"695","695","T695ABC","ACTIVE"
"696","696","T696ABC","ACTIVE"
"697","697","T697ABC","STOLEN"
"698","698","T698ABC","ACTIVE"
"699","699","T699ABC","ACTIVE"
"700","700","T700ABC","ACTIVE"
"701","701","T701ABC","ACTIVE"
"702","702","T702ABC","ACTIVE"
"703","703","T703ABC","ACTIVE"
"704","704","T704ABC","ACTIVE"
"705","705","T705ABC","ACTIVE"
"706","706","T706ABC","ACTIVE"
"707","707","T707ABC","ACTIVE"
"708","708","T708ABC","ACTIVE"
"709","709","T709ABC","ACTIVE"
"710","710","T710ABC","ACTIVE"
"711","711","T711ABC","ACTIVE"
"712","712","T712ABC","ACTIVE"
"713","713","T713ABC","ACTIVE"
"714","714","T714ABC","ACTIVE"
"715","715","T715ABC","ACTIVE"
"716","716","T716ABC","ACTIVE"
"717","717","T717ABC","ACTIVE"
"718","718","T718ABC","ACTIVE"
"719","719","T719ABC","ACTIVE"
"720","720","T720ABC","ACTIVE"
"721","721","T721ABC","ACTIVE"
"722","722","T722ABC","ACTIVE"
"723","723","T723ABC","ACTIVE"
"724","724","T724ABC","ACTIVE"
"725","725","T725ABC","ACTIVE"
"726","726","T726ABC","ACTIVE"
"727","727","T727ABC","ACTIVE"
"728","728","T728ABC","ACTIVE"
"729","729","T729ABC","ACTIVE"
"730","730","T730ABC","ACTIVE"
"731","731","T731ABC","ACTIVE"
"732","732","T732ABC","ACTIVE"
"733","733","T733ABC","ACTIVE"
"734","734","T734ABC","ACTIVE"
"735","735","T735ABC","ACTIVE"
"736","736","T736ABC","ACTIVE"
"737","737","T737ABC","ACTIVE"
"738","738","T738ABC","STOLEN"
"739","739","T739ABC","ACTIVE"
"740","740","T740ABC","ACTIVE"
"741","741","T741ABC","ACTIVE"
"742","742","T742ABC","ACTIVE"
"743","743","T743ABC","ACTIVE"
"744","744","T744ABC","ACTIVE"
"745","745","T745ABC","ACTIVE"
"746","746","T746ABC","ACTIVE"
"747","747","T747ABC","ACTIVE"
"748","748","T748ABC","ACTIVE"
"749","749","T749ABC","ACTIVE"
"750","750","T750ABC","ACTIVE"
"751","751","T751ABC","ACTIVE"
"752","752","T752ABC","ACTIVE"
"753","753","T753ABC","ACTIVE"
"754","754","T754ABC","ACTIVE"
"755","755","T755ABC","ACTIVE"
"756","756","T756ABC","ACTIVE"
"757","757","T757ABC","ACTIVE"
"758","758","T758ABC","ACTIVE"
"759","759","T759ABC","ACTIVE"
"760","760","T760ABC","ACTIVE"
"761","761","T761ABC","ACTIVE"
"762","762","T762ABC","ACTIVE"
"763","763","T763ABC","ACTIVE"
"764","764","T764ABC","ACTIVE"
"765","765","T765ABC","ACTIVE"
"766","766","T766ABC","ACTIVE"
"767","767","T767ABC","ACTIVE"
"768","768","T768ABC","ACTIVE"
"769","769","T769ABC","ACTIVE"
"770","770","T770ABC","ACTIVE"
"771","771","T771ABC","ACTIVE"
"772","772","T772ABC","ACTIVE"
"773","773","T773ABC","ACTIVE"
"774","774","T774ABC","ACTIVE"
"775","775","T775ABC","ACTIVE"
"776","776","T776ABC","ACTIVE"
"777","777","T777ABC","ACTIVE"
"778","778","T778ABC","ACTIVE"
"779","779","T779ABC","STOLEN"
"780","780","T780ABC","ACTIVE"
"781","781","T781ABC","ACTIVE"
"782","782","T782ABC","ACTIVE"
"783","783","T783ABC","ACTIVE"
"784","784","T784ABC","ACTIVE"
"785","785","T785ABC","ACTIVE"
"786","786","T786ABC","ACTIVE"
"787","787","T787ABC","ACTIVE"
"788","788","T788ABC","ACTIVE"
"789","789","T789ABC","ACTIVE"
"790","790","T790ABC","ACTIVE"
"791","791","T791ABC","ACTIVE"
"792","792","T792ABC","ACTIVE"
"793","793","T793ABC","ACTIVE"
"794","794","T794ABC","ACTIVE"
"795","795","T795ABC","ACTIVE"
"796","796","T796ABC","ACTIVE"
"797","797","T797ABC","ACTIVE"
"798","798","T798ABC","ACTIVE"
"799","799","T799ABC","ACTIVE"
"800","800","T800ABC","ACTIVE"
"801","801","T801ABC","ACTIVE"
"802","802","T802ABC","ACTIVE"
"803","803","T803ABC","ACTIVE"
"804","804","T804ABC","ACTIVE"
"805","805","T805ABC","ACTIVE"
"806","806","T806ABC","ACTIVE"
"807","807","T807ABC","ACTIVE"
"808","808","T808ABC","ACTIVE"
"809","809","T809ABC","ACTIVE"
"810","810","T810ABC","ACTIVE"
"811","811","T811ABC","ACTIVE"
"812","812","T812ABC","ACTIVE"
"813","813","T813ABC","ACTIVE"
"814","814","T814ABC","ACTIVE"
"815","815","T815ABC","ACTIVE"
"816","816","T816ABC","ACTIVE"
"817","817","T817ABC","ACTIVE"
"818","818","T818ABC","ACTIVE"
"819","819","T819ABC","ACTIVE"
"820","820","T820ABC","STOLEN"
"821","821","T821ABC","ACTIVE"
"822","822","T822ABC","ACTIVE"
"823","823","T823ABC","ACTIVE"
"824","824","T824ABC","ACTIVE"
"825","825","T825ABC","ACTIVE"
"826","826","T826ABC","ACTIVE"
"827","827","T827ABC","ACTIVE"
"828","828","T828ABC","ACTIVE"
"829","829","T829ABC","ACTIVE"
"830","830","T830ABC","ACTIVE"
"831","831","T831ABC","ACTIVE"
"832","832","T832ABC","ACTIVE"
"833","833","T833ABC","ACTIVE"
"834","834","T834ABC","ACTIVE"
"835","835","T835ABC","ACTIVE"
"836","836","T836ABC","ACTIVE"
"837","837","T837ABC","ACTIVE"
"838","838","T838ABC","ACTIVE"
"839","839","T839ABC","ACTIVE"
"840","840","T840ABC","ACTIVE"
"841","841","T841ABC","ACTIVE"
"842","842","T842ABC","ACTIVE"
"843","843","T843ABC","ACTIVE"
"844","844","T844ABC","ACTIVE"
"845","845","T845ABC","ACTIVE"
"846","846","T846ABC","ACTIVE"
"847","847","T847ABC","ACTIVE"
"848","848","T848ABC","ACTIVE"
"849","849","T849ABC","ACTIVE"
"850","850","T850ABC","ACTIVE"
"851","851","T851ABC","ACTIVE"
"852","852","T852ABC","ACTIVE"
"853","853","T853ABC","ACTIVE"
"854","854","T854ABC","ACTIVE"
"855","855","T855ABC","ACTIVE"
"856","856","T856ABC","ACTIVE"
"857","857","T857ABC","ACTIVE"
"858","858","T858ABC","ACTIVE"
"859","859","T859ABC","ACTIVE"
"860","860","T860ABC","ACTIVE"
"861","861","T861ABC","STOLEN"
"862","862","T862ABC","ACTIVE"
"863","863","T863ABC","ACTIVE"
"864","864","T864ABC","ACTIVE"
"865","865","T865ABC","ACTIVE"
"866","866","T866ABC","ACTIVE"
"867","867","T867ABC","ACTIVE"
"868","868","T868ABC","ACTIVE"
"869","869","T869ABC","ACTIVE"
"870","870","T870ABC","ACTIVE"
"871","871","T871ABC","ACTIVE"
"872","872","T872ABC","ACTIVE"
"873","873","T873ABC","ACTIVE"
"874","874","T874ABC","ACTIVE"
"875","875","T875ABC","ACTIVE"
"876","876","T876ABC","ACTIVE"
"877","877","T877ABC","ACTIVE"
"878","878","T878ABC","ACTIVE"
"879","879","T879ABC","ACTIVE"
"880","880","T880ABC","ACTIVE"
"881","881","T881ABC","ACTIVE"
"882","882","T882ABC","ACTIVE"
"883","883","T883ABC","ACTIVE"
"884","884","T884ABC","ACTIVE"
"885","885","T885ABC","ACTIVE"
"886","886","T886ABC","ACTIVE"
"887","887","T887ABC","ACTIVE"
"888","888","T888ABC","ACTIVE"
"889","889","T889ABC","ACTIVE"
"890","890","T890ABC","ACTIVE"
"891","891","T891ABC","ACTIVE"
"892","892","T892ABC","ACTIVE"
"893","893","T893ABC","ACTIVE"
"894","894","T894ABC","ACTIVE"
"895","895","T895ABC","ACTIVE"
"896","896","T896ABC","ACTIVE"
"897","897","T897ABC","ACTIVE"
"898","898","T898ABC","ACTIVE"
"899","899","T899ABC","ACTIVE"
"900","900","T900ABC","ACTIVE"
"901","901","T901ABC","ACTIVE"
"902","902","T902ABC","STOLEN"
"903","903","T903ABC","ACTIVE"
"904","904","T904ABC","ACTIVE"
"905","905","T905ABC","ACTIVE"
"906","906","T906ABC","ACTIVE"
"907","907","T907ABC","ACTIVE"
"908","908","T908ABC","ACTIVE"
"909","909","T909ABC","ACTIVE"
"910","910","T910ABC","ACTIVE"
"911","911","T911ABC","ACTIVE"
"912","912","T912ABC","ACTIVE"
"913","913","T913ABC","ACTIVE"
"914","914","T914ABC","ACTIVE"
"915","915","T915ABC","ACTIVE"
"916","916","T916ABC","ACTIVE"
"917","917","T917ABC","ACTIVE"
"918","918","T918ABC","ACTIVE"
"919","919","T919ABC","ACTIVE"
"920","920","T920ABC","ACTIVE"
"921","921","T921ABC","ACTIVE"
"922","922","T922ABC","ACTIVE"
"923","923","T923ABC","ACTIVE"
"924","924","T924ABC","ACTIVE"
"925","925","T925ABC","ACTIVE"
"926","926","T926ABC","ACTIVE"
"927","927","T927ABC","ACTIVE"
"928","928","T928ABC","ACTIVE"
"929","929","T929ABC","ACTIVE"
"930","930","T930ABC","ACTIVE"
"931","931","T931ABC","ACTIVE"
"932","932","T932ABC","ACTIVE"
"933","933","T933ABC","ACTIVE"
"934","934","T934ABC","ACTIVE"
"935","935","T935ABC","ACTIVE"
"936","936","T936ABC","ACTIVE"
"937","937","T937ABC","ACTIVE"
"938","938","T938ABC","ACTIVE"
"939","939","T939ABC","ACTIVE"
"940","940","T940ABC","ACTIVE"
"941","941","T941ABC","ACTIVE"
"942","942","T942ABC","ACTIVE"
"943","943","T943ABC","STOLEN"
"944","944","T944ABC","ACTIVE"
"945","945","T945ABC","ACTIVE"
"946","946","T946ABC","ACTIVE"
"947","947","T947ABC","ACTIVE"
"948","948","T948ABC","ACTIVE"
"949","949","T949ABC","ACTIVE"
"950","950","T950ABC","ACTIVE"
"951","951","T951ABC","ACTIVE"
"952","952","T952ABC","ACTIVE"
"953","953","T953ABC","ACTIVE"
"954","954","T954ABC","ACTIVE"
"955","955","T955ABC","ACTIVE"
"956","956","T956ABC","ACTIVE"
"957","957","T957ABC","ACTIVE"
"958","958","T958ABC","ACTIVE"
"959","959","T959ABC","ACTIVE"
"960","960","T960ABC","ACTIVE"
"961","961","T961ABC","ACTIVE"
"962","962","T962ABC","ACTIVE"
"963","963","T963ABC","ACTIVE"
"964","964","T964ABC","ACTIVE"
"965","965","T965ABC","ACTIVE"
"966","966","T966ABC","ACTIVE"
"967","967","T967ABC","ACTIVE"
"968","968","T968ABC","ACTIVE"
"969","969","T969ABC","ACTIVE"
"970","970","T970ABC","ACTIVE"
"971","971","T971ABC","ACTIVE"
"972","972","T972ABC","ACTIVE"
"973","973","T973ABC","ACTIVE"
"974","974","T974ABC","ACTIVE"
"975","975","T975ABC","ACTIVE"
"976","976","T976ABC","ACTIVE"
"977","977","T977ABC","ACTIVE"
"978","978","T978ABC","ACTIVE"
"979","979","T979ABC","ACTIVE"
"980","980","T980ABC","ACTIVE"
"981","981","T981ABC","ACTIVE"
"982","982","T982ABC","ACTIVE"
"983","983","T983ABC","ACTIVE"
"984","984","T984ABC","STOLEN"
"985","985","T985ABC","ACTIVE"
"986","986","T986ABC","ACTIVE"
"987","987","T987ABC","ACTIVE"
"988","988","T988ABC","ACTIVE"
"989","989","T989ABC","ACTIVE"
"990","990","T990ABC","ACTIVE"
"991","991","T991ABC","ACTIVE"
"992","992","T992ABC","ACTIVE"
"993","993","T993ABC","ACTIVE"
"994","994","T994ABC","ACTIVE"
"995","995","T995ABC","ACTIVE"
"996","996","T996ABC","ACTIVE"
"997","997","T997ABC","ACTIVE"
"998","998","T998ABC","ACTIVE"
"999","999","T999ABC","ACTIVE"
"1000","1000","T001ABD","ACTIVE"
"1001","1001","T002ABD","ACTIVE"
"1002","1002","T003ABD","ACTIVE"
"1003","1003","T004ABD","ACTIVE"
"1004","1004","T005ABD","ACTIVE"
"1005","1005","T006ABD","ACTIVE"
"1006","1006","T007ABD","ACTIVE"
"1007","1007","T008ABD","ACTIVE"
"1008","1008","T009ABD","ACTIVE"
"1009","1009","T010ABD","ACTIVE"
"1010","1010","T011ABD","ACTIVE"
"1011","1011","T012ABD","ACTIVE"
"1012","1012","T013ABD","ACTIVE"
"1013","1013","T014ABD","ACTIVE"
"1014","1014","T015ABD","ACTIVE"
"1015","1015","T016ABD","ACTIVE"
"1016","1016","T017ABD","ACTIVE"
"1017","1017","T018ABD","ACTIVE"
"1018","1018","T019ABD","ACTIVE"
"1019","1019","T020ABD","ACTIVE"
"1020","1020","T021ABD","ACTIVE"
"1021","1021","T022ABD","ACTIVE"
"1022","1022","T023ABD","ACTIVE"
"1023","1023","T024ABD","ACTIVE"
"1024","1024","T025ABD","ACTIVE"
"1025","1025","T026ABD","STOLEN"
"1026","1026","T027ABD","ACTIVE"
"1027","1027","T028ABD","ACTIVE"
"1028","1028","T029ABD","ACTIVE"
"1029","1029","T030ABD","ACTIVE"
"1030","1030","T031ABD","ACTIVE"
"1031","1031","T032ABD","ACTIVE"
"1032","1032","T033ABD","ACTIVE"
"1033","1033","T034ABD","ACTIVE"
"1034","1034","T035ABD","ACTIVE"
"1035","1035","T036ABD","ACTIVE"
"1036","1036","T037ABD","ACTIVE"
"1037","1037","T038ABD","ACTIVE"
"1038","1038","T039ABD","ACTIVE"
"1039","1039","T040ABD","ACTIVE"
"1040","1040","T041ABD","ACTIVE"
"1041","1041","T042ABD","ACTIVE"
"1042","1042","T043ABD","ACTIVE"
"1043","1043","T044ABD","ACTIVE"
"1044","1044","T045ABD","ACTIVE"
"1045","1045","T046ABD","ACTIVE"
"1046","1046","T047ABD","ACTIVE"
"1047","1047","T048ABD","ACTIVE"
"1048","1048","T049ABD","ACTIVE"
"1049","1049","T050ABD","ACTIVE"
"1050","1050","T051ABD","ACTIVE"
"1051","1051","T052ABD","ACTIVE"
"1052","1052","T053ABD","ACTIVE"
"1053","1053","T054ABD","ACTIVE"
"1054","1054","T055ABD","ACTIVE"
"1055","1055","T056ABD","ACTIVE"
"1056","1056","T057ABD","ACTIVE"
"1057","1057","T058ABD","ACTIVE"
"1058","1058","T059ABD","ACTIVE"
"1059","1059","T060ABD","ACTIVE"
"1060","1060","T061ABD","ACTIVE"
"1061","1061","T062ABD","ACTIVE"
"1062","1062","T063ABD","ACTIVE"
"1063","1063","T064ABD","ACTIVE"
"1064","1064","T065ABD","ACTIVE"
"1065","1065","T066ABD","ACTIVE"
"1066","1066","T067ABD","STOLEN"
"1067","1067","T068ABD","ACTIVE"
"1068","1068","T069ABD","ACTIVE"
"1069","1069","T070ABD","ACTIVE"
"1070","1070","T071ABD","ACTIVE"
"1071","1071","T072ABD","ACTIVE"
"1072","1072","T073ABD","ACTIVE"
"1073","1073","T074ABD","ACTIVE"
"1074","1074","T075ABD","ACTIVE"
"1075","1075","T076ABD","ACTIVE"
"1076","1076","T077ABD","ACTIVE"
"1077","1077","T078ABD","ACTIVE"
"1078","1078","T079ABD","ACTIVE"
"1079","1079","T080ABD","ACTIVE"
"1080","1080","T081ABD","ACTIVE"
"1081","1081","T082ABD","ACTIVE"
"1082","1082","T083ABD","ACTIVE"
"1083","1083","T084ABD","ACTIVE"
"1084","1084","T085ABD","ACTIVE"
"1085","1085","T086ABD","ACTIVE"
"1086","1086","T087ABD","ACTIVE"
"1087","1087","T088ABD","ACTIVE"
"1088","1088","T089ABD","ACTIVE"
"1089","1089","T090ABD","ACTIVE"
"1090","1090","T091ABD","ACTIVE"
"1091","1091","T092ABD","ACTIVE"
"1092","1092","T093ABD","ACTIVE"
"1093","1093","T094ABD","ACTIVE"
"1094","1094","T095ABD","ACTIVE"
"1095","1095","T096ABD","ACTIVE"
"1096","1096","T097ABD","ACTIVE"
"1097","1097","T098ABD","ACTIVE"
"1098","1098","T099ABD","ACTIVE"
"1099","1099","T100ABD","ACTIVE"
"1100","1100","T101ABD","ACTIVE"
"1101","1101","T102ABD","ACTIVE"
"1102","1102","T103ABD","ACTIVE"
"1103","1103","T104ABD","ACTIVE"
"1104","1104","T105ABD","ACTIVE"
"1105","1105","T106ABD","ACTIVE"
"1106","1106","T107ABD","ACTIVE"
"1107","1107","T108ABD","STOLEN"
"1108","1108","T109ABD","ACTIVE"
"1109","1109","T110ABD","ACTIVE"
"1110","1110","T111ABD","ACTIVE"
"1111","1111","T112ABD","ACTIVE"
"1112","1112","T113ABD","ACTIVE"
"1113","1113","T114ABD","ACTIVE"
"1114","1114","T115ABD","ACTIVE"
"1115","1115","T116ABD","ACTIVE"
"1116","1116","T117ABD","ACTIVE"
"1117","1117","T118ABD","ACTIVE"
"1118","1118","T119ABD","ACTIVE"
"1119","1119","T120ABD","ACTIVE"
"1120","1120","T121ABD","ACTIVE"
"1121","1121","T122ABD","ACTIVE"
"1122","1122","T123ABD","ACTIVE"
"1123","1123","T124ABD","ACTIVE"
"1124","1124","T125ABD","ACTIVE"
"1125","1125","T126ABD","ACTIVE"
"1126","1126","T127ABD","ACTIVE"
"1127","1127","T128ABD","ACTIVE"
"1128","1128","T129ABD","ACTIVE"
"1129","1129","T130ABD","ACTIVE"
"1130","1130","T131ABD","ACTIVE"
"1131","1131","T132ABD","ACTIVE"
"1132","1132","T133ABD","ACTIVE"
"1133","1133","T134ABD","ACTIVE"
"1134","1134","T135ABD","ACTIVE"
"1135","1135","T136ABD","ACTIVE"
"1136","1136","T137ABD","ACTIVE"
"1137","1137","T138ABD","ACTIVE"
"1138","1138","T139ABD","ACTIVE"
"1139","1139","T140ABD","ACTIVE"
"1140","1140","T141ABD","ACTIVE"
"1141","1141","T142ABD","ACTIVE"
"1142","1142","T143ABD","ACTIVE"
"1143","1143","T144ABD","ACTIVE"
"1144","1144","T145ABD","ACTIVE"
"1145","1145","T146ABD","ACTIVE"
"1146","1146","T147ABD","ACTIVE"
"1147","1147","T148ABD","ACTIVE"
"1148","1148","T149ABD","STOLEN"
"1149","1149","T150ABD","ACTIVE"
"1150","1150","T151ABD","ACTIVE"
"1151","1151","T152ABD","ACTIVE"
"1152","1152","T153ABD","ACTIVE"
"1153","1153","T154ABD","ACTIVE"
"1154","1154","T155ABD","ACTIVE"
"1155","1155","T156ABD","ACTIVE"
"1156","1156","T157ABD","ACTIVE"
"1157","1157","T158ABD","ACTIVE"
"1158","1158","T159ABD","ACTIVE"
"1159","1159","T160ABD","ACTIVE"
"1160","1160","T161ABD","ACTIVE"
"1161","1161","T162ABD","ACTIVE"
"1162","1162","T163ABD","ACTIVE"
"1163","1163","T164ABD","ACTIVE"
"1164","1164","T165ABD","ACTIVE"
"1165","1165","T166ABD","ACTIVE"
"1166","1166","T167ABD","ACTIVE"
"1167","1167","T168ABD","ACTIVE"
"1168","1168","T169ABD","ACTIVE"
"1169","1169","T170ABD","ACTIVE"
"1170","1170","T171ABD","ACTIVE"
"1171","1171","T172ABD","ACTIVE"
"1172","1172","T173ABD","ACTIVE"
"1173","1173","T174ABD","ACTIVE"
"1174","1174","T175ABD","ACTIVE"
"1175","1175","T176ABD","ACTIVE"
"1176","1176","T177ABD","ACTIVE"
"1177","1177","T178ABD","ACTIVE"
"1178","1178","T179ABD","ACTIVE"
"1179","1179","T180ABD","ACTIVE"
"1180","1180","T181ABD","ACTIVE"
"1181","1181","T182ABD","ACTIVE"
"1182","1182","T183ABD","ACTIVE"
"1183","1183","T184ABD","ACTIVE"
"1184","1184","T185ABD","ACTIVE"
"1185","1185","T186ABD","ACTIVE"
"1186","1186","T187ABD","ACTIVE"
"1187","1187","T188ABD","ACTIVE"
"1188","1188","T189ABD","ACTIVE"
"1189","1189","T190ABD","STOLEN"
"1190","1190","T191ABD","ACTIVE"
"1191","1191","T192ABD","ACTIVE"
"1192","1192","T193ABD","ACTIVE"
"1193","1193","T194ABD","ACTIVE"
"1194","1194","T195ABD","ACTIVE"
"1195","1195","T196ABD","ACTIVE"
"1196","1196","T197ABD","ACTIVE"
"1197","1197","T198ABD","ACTIVE"
"1198","1198","T199ABD","ACTIVE"
"1199","1199","T200ABD","ACTIVE"
"1200","1200","T201ABD","ACTIVE"
"1201","1201","T202ABD","ACTIVE"
"1202","1202","T203ABD","ACTIVE"
"1203","1203","T204ABD","ACTIVE"
"1204","1204","T205ABD","ACTIVE"
"1205","1205","T206ABD","ACTIVE"
"1206","1206","T207ABD","ACTIVE"
"1207","1207","T208ABD","ACTIVE"
"1208","1208","T209ABD","ACTIVE"
"1209","1209","T210ABD","ACTIVE"
"1210","1210","T211ABD","ACTIVE"
"1211","1211","T212ABD","ACTIVE"
"1212","1212","T213ABD","ACTIVE"
"1213","1213","T214ABD","ACTIVE"
"1214","1214","T215ABD","ACTIVE"
"1215","1215","T216ABD","ACTIVE"
"1216","1216","T217ABD","ACTIVE"
"1217","1217","T218ABD","ACTIVE"
"1218","1218","T219ABD","ACTIVE"
"1219","1219","T220ABD","ACTIVE"
"1220","1220","T221ABD","ACTIVE"
"1221","1221","T222ABD","ACTIVE"
"1222","1222","T223ABD","ACTIVE"
"1223","1223","T224ABD","ACTIVE"
"1224","1224","T225ABD","ACTIVE"
"1225","1225","T226ABD","ACTIVE"
"1226","1226","T227ABD","ACTIVE"
"1227","1227","T228ABD","ACTIVE"
"1228","1228","T229ABD","ACTIVE"
"1229","1229","T230ABD","ACTIVE"
"1230","1230","INVALIDPLATE","STOLEN"
"1231","1231","T232ABD","ACTIVE"
"1232","1232","T233ABD","ACTIVE"
"1233","1233","T234ABD","ACTIVE"
"1234","1234","T235ABD","ACTIVE"
"1235","1235","T236ABD","ACTIVE"
"1236","1236","T237ABD","ACTIVE"
"1237","1237","T238ABD","ACTIVE"
"1238","1238","T239ABD","ACTIVE"
"1239","1239","T240ABD","ACTIVE"
"1240","1240","T241ABD","ACTIVE"
"1241","1241","T242ABD","ACTIVE"
"1242","1242","T243ABD","ACTIVE"
"1243","1243","T244ABD","ACTIVE"
"1244","1244","T245ABD","ACTIVE"
"1245","1245","T246ABD","ACTIVE"
"1246","1246","T247ABD","ACTIVE"
"1247","1247","T248ABD","ACTIVE"
"1248","1248","T249ABD","ACTIVE"
"1249","1249","T250ABD","ACTIVE"
"1250","1250","T251ABD","ACTIVE"
"1251","1251","T252ABD","ACTIVE"
"1252","1252","T253ABD","ACTIVE"
"1253","1253","T254ABD","ACTIVE"
"1254","1254","T255ABD","ACTIVE"
"1255","1255","T256ABD","ACTIVE"
"1256","1256","T257ABD","ACTIVE"
"1257","1257","T258ABD","ACTIVE"
"1258","1258","T259ABD","ACTIVE"
"1259","1259","T260ABD","ACTIVE"
"1260","1260","T261ABD","ACTIVE"
"1261","1261","T262ABD","ACTIVE"
"1262","1262","T263ABD","ACTIVE"
"1263","1263","T264ABD","ACTIVE"
"1264","1264","T265ABD","ACTIVE"
"1265","1265","T266ABD","ACTIVE"
"1266","1266","T267ABD","ACTIVE"
"1267","1267","T268ABD","ACTIVE"
"1268","1268","T269ABD","ACTIVE"
"1269","1269","T270ABD","ACTIVE"
"1270","1270","T271ABD","ACTIVE"
"1271","1271","T272ABD","STOLEN"
"1272","1272","T273ABD","ACTIVE"
"1273","1273","T274ABD","ACTIVE"
"1274","1274","T275ABD","ACTIVE"
"1275","1275","T276ABD","ACTIVE"
"1276","1276","T277ABD","ACTIVE"
"1277","1277","T278ABD","ACTIVE"
"1278","1278","T279ABD","ACTIVE"
"1279","1279","T280ABD","ACTIVE"
"1280","1280","T281ABD","ACTIVE"
"1281","1281","T282ABD","ACTIVE"
"1282","1282","T283ABD","ACTIVE"
"1283","1283","T284ABD","ACTIVE"
"1284","1284","T285ABD","ACTIVE"
"1285","1285","T286ABD","ACTIVE"
"1286","1286","T287ABD","ACTIVE"
"1287","1287","T288ABD","ACTIVE"
"1288","1288","T289ABD","ACTIVE"
"1289","1289","T290ABD","ACTIVE"
"1290","1290","T291ABD","ACTIVE"
"1291","1291","T292ABD","ACTIVE"
"1292","1292","T293ABD","ACTIVE"
"1293","1293","T294ABD","ACTIVE"
"1294","1294","T295ABD","ACTIVE"
"1295","1295","T296ABD","ACTIVE"
"1296","1296","T297ABD","ACTIVE"
"1297","1297","T298ABD","ACTIVE"
"1298","1298","T299ABD","ACTIVE"
"1299","1299","T300ABD","ACTIVE"
"1300","1300","T301ABD","ACTIVE"
"1301","1301","T302ABD","ACTIVE"
"1302","1302","T303ABD","ACTIVE"
"1303","1303","T304ABD","ACTIVE"
"1304","1304","T305ABD","ACTIVE"
"1305","1305","T306ABD","ACTIVE"
"1306","1306","T307ABD","ACTIVE"
"1307","1307","T308ABD","ACTIVE"
"1308","1308","T309ABD","ACTIVE"
"1309","1309","T310ABD","ACTIVE"
"1310","1310","T311ABD","ACTIVE"
"1311","1311","T312ABD","ACTIVE"
"1312","1312","T313ABD","STOLEN"
"1313","1313","T314ABD","ACTIVE"
"1314","1314","T315ABD","ACTIVE"
"1315","1315","T316ABD","ACTIVE"
"1316","1316","T317ABD","ACTIVE"
"1317","1317","T318ABD","ACTIVE"
"1318","1318","T319ABD","ACTIVE"
"1319","1319","T320ABD","ACTIVE"
"1320","1320","T321ABD","ACTIVE"
"1321","1321","T322ABD","ACTIVE"
"1322","1322","T323ABD","ACTIVE"
"1323","1323","T324ABD","ACTIVE"
"1324","1324","T325ABD","ACTIVE"
"1325","1325","T326ABD","ACTIVE"
"1326","1326","T327ABD","ACTIVE"
"1327","1327","T328ABD","ACTIVE"
"1328","1328","T329ABD","ACTIVE"
"1329","1329","T330ABD","ACTIVE"
"1330","1330","T331ABD","ACTIVE"
"1331","1331","T332ABD","ACTIVE"
"1332","1332","T333ABD","ACTIVE"
"1333","1333","T334ABD","ACTIVE"
"1334","1334","T335ABD","ACTIVE"
"1335","1335","T336ABD","ACTIVE"
"1336","1336","T337ABD","ACTIVE"
"1337","1337","T338ABD","ACTIVE"
"1338","1338","T339ABD","ACTIVE"
"1339","1339","T340ABD","ACTIVE"
"1340","1340","T341ABD","ACTIVE"
"1341","1341","T342ABD","ACTIVE"
"1342","1342","T343ABD","ACTIVE"
"1343","1343","T344ABD","ACTIVE"
"1344","1344","T345ABD","ACTIVE"
"1345","1345","T346ABD","ACTIVE"
"1346","1346","T347ABD","ACTIVE"
"1347","1347","T348ABD","ACTIVE"
"1348","1348","T349ABD","ACTIVE"
"1349","1349","T350ABD","ACTIVE"
"1350","1350","T351ABD","ACTIVE"
"1351","1351","T352ABD","ACTIVE"
"1352","1352","T353ABD","ACTIVE"
"1353","1353","T354ABD","STOLEN"
"1354","1354","T355ABD","ACTIVE"
"1355","1355","T356ABD","ACTIVE"
"1356","1356","T357ABD","ACTIVE"
"1357","1357","T358ABD","ACTIVE"
"1358","1358","T359ABD","ACTIVE"
"1359","1359","T360ABD","ACTIVE"
"1360","1360","T361ABD","ACTIVE"
"1361","1361","T362ABD","ACTIVE"
"1362","1362","T363ABD","ACTIVE"
"1363","1363","T364ABD","ACTIVE"
"1364","1364","T365ABD","ACTIVE"
"1365","1365","T366ABD","ACTIVE"
"1366","1366","T367ABD","ACTIVE"
"1367","1367","T368ABD","ACTIVE"
"1368","1368","T369ABD","ACTIVE"
"1369","1369","T370ABD","ACTIVE"
"1370","1370","T371ABD","ACTIVE"
"1371","1371","T372ABD","ACTIVE"
"1372","1372","T373ABD","ACTIVE"
"1373","1373","T374ABD","ACTIVE"
"1374","1374","T375ABD","ACTIVE"
"1375","1375","T376ABD","ACTIVE"
"1376","1376","T377ABD","ACTIVE"
"1377","1377","T378ABD","ACTIVE"
"1378","1378","T379ABD","ACTIVE"
"1379","1379","T380ABD","ACTIVE"
"1380","1380","T381ABD","ACTIVE"
"1381","1381","T382ABD","ACTIVE"
"1382","1382","T383ABD","ACTIVE"
"1383","1383","T384ABD","ACTIVE"
"1384","1384","T385ABD","ACTIVE"
"1385","1385","T386ABD","ACTIVE"
"1386","1386","T387ABD","ACTIVE"
"1387","1387","T388ABD","ACTIVE"
"1388","1388","T389ABD","ACTIVE"
"1389","1389","T390ABD","ACTIVE"
"1390","1390","T391ABD","ACTIVE"
"1391","1391","T392ABD","ACTIVE"
"1392","1392","T393ABD","ACTIVE"
"1393","1393","T394ABD","ACTIVE"
"1394","1394","T395ABD","STOLEN"
"1395","1395","T396ABD","ACTIVE"
"1396","1396","T397ABD","ACTIVE"
"1397","1397","T398ABD","ACTIVE"
"1398","1398","T399ABD","ACTIVE"
"1399","1399","T400ABD","ACTIVE"
"1400","1400","T401ABD","ACTIVE"
"1401","1401","T402ABD","ACTIVE"
"1402","1402","T403ABD","ACTIVE"
"1403","1403","T404ABD","ACTIVE"
"1404","1404","T405ABD","ACTIVE"
"1405","1405","T406ABD","ACTIVE"
"1406","1406","T407ABD","ACTIVE"
"1407","1407","T408ABD","ACTIVE"
"1408","1408","T409ABD","ACTIVE"
"1409","1409","T410ABD","ACTIVE"
"1410","1410","T411ABD","ACTIVE"
"1411","1411","T412ABD","ACTIVE"
"1412","1412","T413ABD","ACTIVE"
"1413","1413","T414ABD","ACTIVE"
"1414","1414","T415ABD","ACTIVE"
"1415","1415","T416ABD","ACTIVE"
"1416","1416","T417ABD","ACTIVE"
"1417","1417","T418ABD","ACTIVE"
"1418","1418","T419ABD","ACTIVE"
"1419","1419","T420ABD","ACTIVE"
"1420","1420","T421ABD","ACTIVE"
"1421","1421","T422ABD","ACTIVE"
"1422","1422","T423ABD","ACTIVE"
"1423","1423","T424ABD","ACTIVE"
"1424","1424","T425ABD","ACTIVE"
"1425","1425","T426ABD","ACTIVE"
"1426","1426","T427ABD","ACTIVE"
"1427","1427","T428ABD","ACTIVE"
"1428","1428","T429ABD","ACTIVE"
"1429","1429","T430ABD","ACTIVE"
"1430","1430","T431ABD","ACTIVE"
"1431","1431","T432ABD","ACTIVE"
"1432","1432","T433ABD","ACTIVE"
"1433","1433","T434ABD","ACTIVE"
"1434","1434","T435ABD","ACTIVE"
"1435","1435","T436ABD","STOLEN"
"1436","1436","T437ABD","ACTIVE"
"1437","1437","T438ABD","ACTIVE"
"1438","1438","T439ABD","ACTIVE"
"1439","1439","T440ABD","ACTIVE"
"1440","1440","T441ABD","ACTIVE"
"1441","1441","T442ABD","ACTIVE"
"1442","1442","T443ABD","ACTIVE"
"1443","1443","T444ABD","ACTIVE"
"1444","1444","T445ABD","ACTIVE"
"1445","1445","T446ABD","ACTIVE"
"1446","1446","T447ABD","ACTIVE"
"1447","1447","T448ABD","ACTIVE"
"1448","1448","T449ABD","ACTIVE"
"1449","1449","T450ABD","ACTIVE"
"1450","1450","T451ABD","ACTIVE"
"1451","1451","T452ABD","ACTIVE"
"1452","1452","T453ABD","ACTIVE"
"1453","1453","T454ABD","ACTIVE"
"1454","1454","T455ABD","ACTIVE"
"1455","1455","T456ABD","ACTIVE"
"1456","1456","T457ABD","ACTIVE"
"1457","1457","T458ABD","ACTIVE"
"1458","1458","T459ABD","ACTIVE"
"1459","1459","T460ABD","ACTIVE"
"1460","1460","T461ABD","ACTIVE"
"1461","1461","T462ABD","ACTIVE"
"1462","1462","T463ABD","ACTIVE"
"1463","1463","T464ABD","ACTIVE"
"1464","1464","T465ABD","ACTIVE"
"1465","1465","T466ABD","ACTIVE"
"1466","1466","T467ABD","ACTIVE"
"1467","1467","T468ABD","ACTIVE"
"1468","1468","T469ABD","ACTIVE"
"1469","1469","T470ABD","ACTIVE"
"1470","1470","T471ABD","ACTIVE"
"1471","1471","T472ABD","ACTIVE"
"1472","1472","T473ABD","ACTIVE"
"1473","1473","T474ABD","ACTIVE"
"1474","1474","T475ABD","ACTIVE"
"1475","1475","T476ABD","ACTIVE"
"1476","1476","T477ABD","STOLEN"
"1477","1477","T478ABD","ACTIVE"
"1478","1478","T479ABD","ACTIVE"
"1479","1479","T480ABD","ACTIVE"
"1480","1480","T481ABD","ACTIVE"
"1481","1481","T482ABD","ACTIVE"
"1482","1482","T483ABD","ACTIVE"
"1483","1483","T484ABD","ACTIVE"
"1484","1484","T485ABD","ACTIVE"
"1485","1485","T486ABD","ACTIVE"
"1486","1486","T487ABD","ACTIVE"
"1487","1487","T488ABD","ACTIVE"
"1488","1488","T489ABD","ACTIVE"
"1489","1489","T490ABD","ACTIVE"
"1490","1490","T491ABD","ACTIVE"
"1491","1491","T492ABD","ACTIVE"
"1492","1492","T493ABD","ACTIVE"
"1493","1493","T494ABD","ACTIVE"
"1494","1494","T495ABD","ACTIVE"
"1495","1495","T496ABD","ACTIVE"
"1496","1496","T497ABD","ACTIVE"
"1497","1497","T498ABD","ACTIVE"
"1498","1498","T499ABD","ACTIVE"
"1499","1499","T500ABD","ACTIVE"
"1500","1500","T501ABD","ACTIVE"
"1501","1501","T502ABD","ACTIVE"
"1502","1502","T503ABD","ACTIVE"
"1503","1503","T504ABD","ACTIVE"
"1504","1504","T505ABD","ACTIVE"
"1505","1505","T506ABD","ACTIVE"
"1506","1506","T507ABD","ACTIVE"
"1507","1507","T508ABD","ACTIVE"
"1508","1508","T509ABD","ACTIVE"
"1509","1509","T510ABD","ACTIVE"
"1510","1510","T511ABD","ACTIVE"
"1511","1511","T512ABD","ACTIVE"
"1512","1512","T513ABD","ACTIVE"
"1513","1513","T514ABD","ACTIVE"
"1514","1514","T515ABD","ACTIVE"
"1515","1515","T516ABD","ACTIVE"
"1516","1516","T517ABD","ACTIVE"
"1517","1517","T518ABD","STOLEN"
"1518","1518","T519ABD","ACTIVE"
"1519","1519","T520ABD","ACTIVE"
"1520","1520","T521ABD","ACTIVE"
"1521","1521","T522ABD","ACTIVE"
"1522","1522","T523ABD","ACTIVE"
"1523","1523","T524ABD","ACTIVE"
"1524","1524","T525ABD","ACTIVE"
"1525","1525","T526ABD","ACTIVE"
"1526","1526","T527ABD","ACTIVE"
"1527","1527","T528ABD","ACTIVE"
"1528","1528","T529ABD","ACTIVE"
"1529","1529","T530ABD","ACTIVE"
"1530","1530","T531ABD","ACTIVE"
"1531","1531","T532ABD","ACTIVE"
"1532","1532","T533ABD","ACTIVE"
"1533","1533","T534ABD","ACTIVE"
"1534","1534","T535ABD","ACTIVE"
"1535","1535","T536ABD","ACTIVE"
"1536","1536","T537ABD","ACTIVE"
"1537","1537","T538ABD","ACTIVE"
"1538","1538","T539ABD","ACTIVE"
"1539","1539","T540ABD","ACTIVE"
"1540","1540","T541ABD","ACTIVE"
"1541","1541","T542ABD","ACTIVE"
"1542","1542","T543ABD","ACTIVE"
"1543","1543","T544ABD","ACTIVE"
"1544","1544","T545ABD","ACTIVE"
"1545","1545","T546ABD","ACTIVE"
"1546","1546","T547ABD","ACTIVE"
"1547","1547","T548ABD","ACTIVE"
"1548","1548","T549ABD","ACTIVE"
"1549","1549","T550ABD","ACTIVE"
"1550","1550","T551ABD","ACTIVE"
"1551","1551","T552ABD","ACTIVE"
"1552","1552","T553ABD","ACTIVE"
"1553","1553","T554ABD","ACTIVE"
"1554","1554","T555ABD","ACTIVE"
"1555","1555","T556ABD","ACTIVE"
"1556","1556","T557ABD","ACTIVE"
"1557","1557","T558ABD","ACTIVE"
"1558","1558","T559ABD","STOLEN"
"1559","1559","T560ABD","ACTIVE"
"1560","1560","T561ABD","ACTIVE"
"1561","1561","T562ABD","ACTIVE"
"1562","1562","T563ABD","ACTIVE"
"1563","1563","T564ABD","ACTIVE"
"1564","1564","T565ABD","ACTIVE"
"1565","1565","T566ABD","ACTIVE"
"1566","1566","T567ABD","ACTIVE"
"1567","1567","T568ABD","ACTIVE"
"1568","1568","T569ABD","ACTIVE"
"1569","1569","T570ABD","ACTIVE"
"1570","1570","T571ABD","ACTIVE"
"1571","1571","T572ABD","ACTIVE"
"1572","1572","T573ABD","ACTIVE"
"1573","1573","T574ABD","ACTIVE"
"1574","1574","T575ABD","ACTIVE"
"1575","1575","T576ABD","ACTIVE"
"1576","1576","T577ABD","ACTIVE"
"1577","1577","T578ABD","ACTIVE"
"1578","1578","T579ABD","ACTIVE"
"1579","1579","T580ABD","ACTIVE"
"1580","1580","T581ABD","ACTIVE"
"1581","1581","T582ABD","ACTIVE"
"1582","1582","T583ABD","ACTIVE"
"1583","1583","T584ABD","ACTIVE"
"1584","1584","T585ABD","ACTIVE"
"1585","1585","T586ABD","ACTIVE"
"1586","1586","T587ABD","ACTIVE"
"1587","1587","T588ABD","ACTIVE"
"1588","1588","T589ABD","ACTIVE"
"1589","1589","T590ABD","ACTIVE"
"1590","1590","T591ABD","ACTIVE"
"1591","1591","T592ABD","ACTIVE"
"1592","1592","T593ABD","ACTIVE"
"1593","1593","T594ABD","ACTIVE"
"1594","1594","T595ABD","ACTIVE"
"1595","1595","T596ABD","ACTIVE"
"1596","1596","T597ABD","ACTIVE"
"1597","1597","T598ABD","ACTIVE"
"1598","1598","T599ABD","ACTIVE"
"1599","1599","T600ABD","STOLEN"
"1600","1600","T601ABD","ACTIVE"
"1601","1601","T602ABD","ACTIVE"
"1602","1602","T603ABD","ACTIVE"
"1603","1603","T604ABD","ACTIVE"
"1604","1604","T605ABD","ACTIVE"
"1605","1605","T606ABD","ACTIVE"
"1606","1606","T607ABD","ACTIVE"
"1607","1607","T608ABD","ACTIVE"
"1608","1608","T609ABD","ACTIVE"
"1609","1609","T610ABD","ACTIVE"
"1610","1610","T611ABD","ACTIVE"
"1611","1611","T612ABD","ACTIVE"
"1612","1612","T613ABD","ACTIVE"
"1613","1613","T614ABD","ACTIVE"
"1614","1614","T615ABD","ACTIVE"
"1615","1615","T616ABD","ACTIVE"
"1616","1616","T617ABD","ACTIVE"
"1617","1617","T618ABD","ACTIVE"
"1618","1618","T619ABD","ACTIVE"
"1619","1619","T620ABD","ACTIVE"
"1620","1620","T621ABD","ACTIVE"
"1621","1621","T622ABD","ACTIVE"
"1622","1622","T623ABD","ACTIVE"
"1623","1623","T624ABD","ACTIVE"
"1624","1624","T625ABD","ACTIVE"
"1625","1625","T626ABD","ACTIVE"
"1626","1626","T627ABD","ACTIVE"
"1627","1627","T628ABD","ACTIVE"
"1628","1628","T629ABD","ACTIVE"
"1629","1629","T630ABD","ACTIVE"
"1630","1630","T631ABD","ACTIVE"
"1631","1631","T632ABD","ACTIVE"
"1632","1632","T633ABD","ACTIVE"
"1633","1633","T634ABD","ACTIVE"
"1634","1634","T635ABD","ACTIVE"
"1635","1635","T636ABD","ACTIVE"
"1636","1636","T637ABD","ACTIVE"
"1637","1637","T638ABD","ACTIVE"
"1638","1638","T639ABD","ACTIVE"
"1639","1639","T640ABD","ACTIVE"
"1640","1640","T641ABD","STOLEN"
"1641","1641","T642ABD","ACTIVE"
"1642","1642","T643ABD","ACTIVE"
"1643","1643","T644ABD","ACTIVE"
"1644","1644","T645ABD","ACTIVE"
"1645","1645","T646ABD","ACTIVE"
"1646","1646","T647ABD","ACTIVE"
"1647","1647","T648ABD","ACTIVE"
"1648","1648","T649ABD","ACTIVE"
"1649","1649","T650ABD","ACTIVE"
"1650","1650","T651ABD","ACTIVE"
"1651","1651","T652ABD","ACTIVE"
"1652","1652","T653ABD","ACTIVE"
"1653","1653","T654ABD","ACTIVE"
"1654","1654","T655ABD","ACTIVE"
"1655","1655","T656ABD","ACTIVE"
"1656","1656","T657ABD","ACTIVE"
"1657","1657","T658ABD","ACTIVE"
"1658","1658","T659ABD","ACTIVE"
"1659","1659","T660ABD","ACTIVE"
"1660","1660","T661ABD","ACTIVE"
"1661","1661","T662ABD","ACTIVE"
"1662","1662","T663ABD","ACTIVE"
"1663","1663","T664ABD","ACTIVE"
"1664","1664","T665ABD","ACTIVE"
"1665","1665","T666ABD","ACTIVE"
"1666","1666","T667ABD","ACTIVE"
"1667","1667","T668ABD","ACTIVE"
"1668","1668","T669ABD","ACTIVE"
"1669","1669","T670ABD","ACTIVE"
"1670","1670","T671ABD","ACTIVE"
"1671","1671","T672ABD","ACTIVE"
"1672","1672","T673ABD","ACTIVE"
"1673","1673","T674ABD","ACTIVE"
"1674","1674","T675ABD","ACTIVE"
"1675","1675","T676ABD","ACTIVE"
"1676","1676","T677ABD","ACTIVE"
"1677","1677","T678ABD","ACTIVE"
"1678","1678","T679ABD","ACTIVE"
"1679","1679","T680ABD","ACTIVE"
"1680","1680","T681ABD","ACTIVE"
"1681","1681","T682ABD","STOLEN"
"1682","1682","T683ABD","ACTIVE"
"1683","1683","T684ABD","ACTIVE"
"1684","1684","T685ABD","ACTIVE"
"1685","1685","T686ABD","ACTIVE"
"1686","1686","T687ABD","ACTIVE"
"1687","1687","T688ABD","ACTIVE"
"1688","1688","T689ABD","ACTIVE"
"1689","1689","T690ABD","ACTIVE"
"1690","1690","T691ABD","ACTIVE"
"1691","1691","T692ABD","ACTIVE"
"1692","1692","T693ABD","ACTIVE"
"1693","1693","T694ABD","ACTIVE"
"1694","1694","T695ABD","ACTIVE"
"1695","1695","T696ABD","ACTIVE"
"1696","1696","T697ABD","ACTIVE"
"1697","1697","T698ABD","ACTIVE"
"1698","1698","T699ABD","ACTIVE"
"1699","1699","T700ABD","ACTIVE"
"1700","1700","T701ABD","ACTIVE"
"1701","1701","T702ABD","ACTIVE"
"1702","1702","T703ABD","ACTIVE"
"1703","1703","T704ABD","ACTIVE"
"1704","1704","T705ABD","ACTIVE"
"1705","1705","T706ABD","ACTIVE"
"1706","1706","T707ABD","ACTIVE"
"1707","1707","T708ABD","ACTIVE"
"1708","1708","T709ABD","ACTIVE"
"1709","1709","T710ABD","ACTIVE"
"1710","1710","T711ABD","ACTIVE"
"1711","1711","T712ABD","ACTIVE"
"1712","1712","T713ABD","ACTIVE"
"1713","1713","T714ABD","ACTIVE"
"1714","1714","T715ABD","ACTIVE"
"1715","1715","T716ABD","ACTIVE"
"1716","1716","T717ABD","ACTIVE"
"1717","1717","T718ABD","ACTIVE"
"1718","1718","T719ABD","ACTIVE"
"1719","1719","T720ABD","ACTIVE"
"1720","1720","T721ABD","ACTIVE"
"1721","1721","T722ABD","ACTIVE"
"1722","1722","T723ABD","STOLEN"
"1723","1723","T724ABD","ACTIVE"
"1724","1724","T725ABD","ACTIVE"
"1725","1725","T726ABD","ACTIVE"
"1726","1726","T727ABD","ACTIVE"
"1727","1727","T728ABD","ACTIVE"
"1728","1728","T729ABD","ACTIVE"
"1729","1729","T730ABD","ACTIVE"
"1730","1730","T731ABD","ACTIVE"
"1731","1731","T732ABD","ACTIVE"
"1732","1732","T733ABD","ACTIVE"
"1733","1733","T734ABD","ACTIVE"
"1734","1734","T735ABD","ACTIVE"
"1735","1735","T736ABD","ACTIVE"
"1736","1736","T737ABD","ACTIVE"
"1737","1737","T738ABD","ACTIVE"
"1738","1738","T739ABD","ACTIVE"
"1739","1739","T740ABD","ACTIVE"
"1740","1740","T741ABD","ACTIVE"
"1741","1741","T742ABD","ACTIVE"
"1742","1742","T743ABD","ACTIVE"
"1743","1743","T744ABD","ACTIVE"
"1744","1744","T745ABD","ACTIVE"
"1745","1745","T746ABD","ACTIVE"
"1746","1746","T747ABD","ACTIVE"
"1747","1747","T748ABD","ACTIVE"
"1748","1748","T749ABD","ACTIVE"
"1749","1749","T750ABD","ACTIVE"
"1750","1750","T751ABD","ACTIVE"
"1751","1751","T752ABD","ACTIVE"
"1752","1752","T753ABD","ACTIVE"
"1753","1753","T754ABD","ACTIVE"
"1754","1754","T755ABD","ACTIVE"
"1755","1755","T756ABD","ACTIVE"
"1756","1756","T757ABD","ACTIVE"
"1757","1757","T758ABD","ACTIVE"
"1758","1758","T759ABD","ACTIVE"
"1759","1759","T760ABD","ACTIVE"
"1760","1760","T761ABD","ACTIVE"
"1761","1761","T762ABD","ACTIVE"
"1762","1762","T763ABD","ACTIVE"
"1763","1763","T764ABD","STOLEN"
"1764","1764","T765ABD","ACTIVE"
"1765","1765","T766ABD","ACTIVE"
"1766","1766","T767ABD","ACTIVE"
"1767","1767","T768ABD","ACTIVE"
"1768","1768","T769ABD","ACTIVE"
"1769","1769","T770ABD","ACTIVE"
"1770","1770","T771ABD","ACTIVE"
"1771","1771","T772ABD","ACTIVE"
"1772","1772","T773ABD","ACTIVE"
"1773","1773","T774ABD","ACTIVE"
"1774","1774","T775ABD","ACTIVE"
"1775","1775","T776ABD","ACTIVE"
"1776","1776","T777ABD","ACTIVE"
"1777","1777","T778ABD","ACTIVE"
"1778","1778","T779ABD","ACTIVE"
"1779","1779","T780ABD","ACTIVE"
"1780","1780","T781ABD","ACTIVE"
"1781","1781","T782ABD","ACTIVE"
"1782","1782","T783ABD","ACTIVE"
"1783","1783","T784ABD","ACTIVE"
"1784","1784","T785ABD","ACTIVE"
"1785","1785","T786ABD","ACTIVE"
"1786","1786","T787ABD","ACTIVE"
"1787","1787","T788ABD","ACTIVE"
"1788","1788","T789ABD","ACTIVE"
"1789","1789","T790ABD","ACTIVE"
"1790","1790","T791ABD","ACTIVE"
"1791","1791","T792ABD","ACTIVE"
"1792","1792","T793ABD","ACTIVE"
"1793","1793","T794ABD","ACTIVE"
"1794","1794","T795ABD","ACTIVE"
"1795","1795","T796ABD","ACTIVE"
"1796","1796","T797ABD","ACTIVE"
"1797","1797","T798ABD","ACTIVE"
"1798","1798","T799ABD","ACTIVE"
"1799","1799","T800ABD","ACTIVE"
"1800","1800","T801ABD","ACTIVE"
"1801","1801","T802ABD","ACTIVE"
"1802","1802","T803ABD","ACTIVE"
"1803","1803","T804ABD","ACTIVE"
"1804","1804","T805ABD","STOLEN"
"1805","1805","T806ABD","ACTIVE"
"1806","1806","T807ABD","ACTIVE"
"1807","1807","T808ABD","ACTIVE"
"1808","1808","T809ABD","ACTIVE"
"1809","1809","T810ABD","ACTIVE"
"1810","1810","T811ABD","ACTIVE"
"1811","1811","T812ABD","ACTIVE"
"1812","1812","T813ABD","ACTIVE"
"1813","1813","T814ABD","ACTIVE"
"1814","1814","T815ABD","ACTIVE"
"1815","1815","T816ABD","ACTIVE"
"1816","1816","T817ABD","ACTIVE"
"1817","1817","T818ABD","ACTIVE"
"1818","1818","T819ABD","ACTIVE"
"1819","1819","T820ABD","ACTIVE"
"1820","1820","T821ABD","ACTIVE"
"1821","1821","T822ABD","ACTIVE"
"1822","1822","T823ABD","ACTIVE"
"1823","1823","T824ABD","ACTIVE"
"1824","1824","T825ABD","ACTIVE"
"1825","1825","T826ABD","ACTIVE"
"1826","1826","T827ABD","ACTIVE"
"1827","1827","T828ABD","ACTIVE"
"1828","1828","T829ABD","ACTIVE"
"1829","1829","T830ABD","ACTIVE"
"1830","1830","T831ABD","ACTIVE"
"1831","1831","T832ABD","ACTIVE"
"1832","1832","T833ABD","ACTIVE"
"1833","1833","T834ABD","ACTIVE"
"1834","1834","T835ABD","ACTIVE"
"1835","1835","T836ABD","ACTIVE"
"1836","1836","T837ABD","ACTIVE"
"1837","1837","T838ABD","ACTIVE"
"1838","1838","T839ABD","ACTIVE"
"1839","1839","T840ABD","ACTIVE"
"1840","1840","T841ABD","ACTIVE"
"1841","1841","T842ABD","ACTIVE"
"1842","1842","T843ABD","ACTIVE"
"1843","1843","T844ABD","ACTIVE"
"1844","1844","T845ABD","ACTIVE"
"1845","1845","T846ABD","STOLEN"
"1846","1846","T847ABD","ACTIVE"
"1847","1847","T848ABD","ACTIVE"
"1848","1848","T849ABD","ACTIVE"
"1849","1849","T850ABD","ACTIVE"
"1850","1850","T851ABD","ACTIVE"
"1851","1851","T852ABD","ACTIVE"
"1852","1852","T853ABD","ACTIVE"
"1853","1853","T854ABD","ACTIVE"
"1854","1854","T855ABD","ACTIVE"
"1855","1855","T856ABD","ACTIVE"
"1856","1856","T857ABD","ACTIVE"
"1857","1857","T858ABD","ACTIVE"
"1858","1858","T859ABD","ACTIVE"
"1859","1859","T860ABD","ACTIVE"
"1860","1860","T861ABD","ACTIVE"
"1861","1861","T862ABD","ACTIVE"
"1862","1862","T863ABD","ACTIVE"
"1863","1863","T864ABD","ACTIVE"
"1864","1864","T865ABD","ACTIVE"
"1865","1865","T866ABD","ACTIVE"
"1866","1866","T867ABD","ACTIVE"
"1867","1867","T868ABD","ACTIVE"
"1868","1868","T869ABD","ACTIVE"
"1869","1869","T870ABD","ACTIVE"
"1870","1870","T871ABD","ACTIVE"
"1871","1871","T872ABD","ACTIVE"
"1872","1872","T873ABD","ACTIVE"
"1873","1873","T874ABD","ACTIVE"
"1874","1874","T875ABD","ACTIVE"
"1875","1875","T876ABD","ACTIVE"
"1876","1876","T877ABD","ACTIVE"
"1877","1877","T878ABD","ACTIVE"
"1878","1878","T879ABD","ACTIVE"
"1879","1879","T880ABD","ACTIVE"
"1880","1880","T881ABD","ACTIVE"
"1881","1881","T882ABD","ACTIVE"
"1882","1882","T883ABD","ACTIVE"
"1883","1883","T884ABD","ACTIVE"
"1884","1884","T885ABD","ACTIVE"
"1885","1885","T886ABD","ACTIVE"
"1886","1886","T887ABD","STOLEN"
"1887","1887","T888ABD","ACTIVE"
"1888","1888","T889ABD","ACTIVE"
"1889","1889","T890ABD","ACTIVE"
"1890","1890","T891ABD","ACTIVE"
"1891","1891","T892ABD","ACTIVE"
"1892","1892","T893ABD","ACTIVE"
"1893","1893","T894ABD","ACTIVE"
"1894","1894","T895ABD","ACTIVE"
"1895","1895","T896ABD","ACTIVE"
"1896","1896","T897ABD","ACTIVE"
"1897","1897","T898ABD","ACTIVE"
"1898","1898","T899ABD","ACTIVE"
"1899","1899","T900ABD","ACTIVE"
"1900","1900","T901ABD","ACTIVE"
"1901","1901","T902ABD","ACTIVE"
"1902","1902","T903ABD","ACTIVE"
"1903","1903","T904ABD","ACTIVE"
"1904","1904","T905ABD","ACTIVE"
"1905","1905","T906ABD","ACTIVE"
"1906","1906","T907ABD","ACTIVE"
"1907","1907","T908ABD","ACTIVE"
"1908","1908","T909ABD","ACTIVE"
"1909","1909","T910ABD","ACTIVE"
"1910","1910","T911ABD","ACTIVE"
"1911","1911","T912ABD","ACTIVE"
"1912","1912","T913ABD","ACTIVE"
"1913","1913","T914ABD","ACTIVE"
"1914","1914","T915ABD","ACTIVE"
"1915","1915","T916ABD","ACTIVE"
"1916","1916","T917ABD","ACTIVE"
"1917","1917","T918ABD","ACTIVE"
"1918","1918","T919ABD","ACTIVE"
"1919","1919","T920ABD","ACTIVE"
"1920","1920","T921ABD","ACTIVE"
"1921","1921","T922ABD","ACTIVE"
"1922","1922","T923ABD","ACTIVE"
"1923","1923","T924ABD","ACTIVE"
"1924","1924","T925ABD","ACTIVE"
"1925","1925","T926ABD","ACTIVE"
"1926","1926","T927ABD","ACTIVE"
"1927","1927","T928ABD","STOLEN"
"1928","1928","T929ABD","ACTIVE"
"1929","1929","T930ABD","ACTIVE"
"1930","1930","T931ABD","ACTIVE"
"1931","1931","T932ABD","ACTIVE"
"1932","1932","T933ABD","ACTIVE"
"1933","1933","T934ABD","ACTIVE"
"1934","1934","T935ABD","ACTIVE"
"1935","1935","T936ABD","ACTIVE"
"1936","1936","T937ABD","ACTIVE"
"1937","1937","T938ABD","ACTIVE"
"1938","1938","T939ABD","ACTIVE"
"1939","1939","T940ABD","ACTIVE"
"1940","1940","T941ABD","ACTIVE"
"1941","1941","T942ABD","ACTIVE"
"1942","1942","T943ABD","ACTIVE"
"1943","1943","T944ABD","ACTIVE"
"1944","1944","T945ABD","ACTIVE"
"1945","1945","T946ABD","ACTIVE"
"1946","1946","T947ABD","ACTIVE"
"1947","1947","T948ABD","ACTIVE"
"1948","1948","T949ABD","ACTIVE"
"1949","1949","T950ABD","ACTIVE"
"1950","1950","T951ABD","ACTIVE"
"1951","1951","T952ABD","ACTIVE"
"1952","1952","T953ABD","ACTIVE"
"1953","1953","T954ABD","ACTIVE"
"1954","1954","T955ABD","ACTIVE"
"1955","1955","T956ABD","ACTIVE"
"1956","1956","T957ABD","ACTIVE"
"1957","1957","T958ABD","ACTIVE"
"1958","1958","T959ABD","ACTIVE"
"1959","1959","T960ABD","ACTIVE"
"1960","1960","T961ABD","ACTIVE"
"1961","1961","T962ABD","ACTIVE"
"1962","1962","T963ABD","ACTIVE"
"1963","1963","T964ABD","ACTIVE"
"1964","1964","T965ABD","ACTIVE"
"1965","1965","T966ABD","ACTIVE"
"1966","1966","T967ABD","ACTIVE"
"1967","1967","T968ABD","ACTIVE"
"1968","1968","T969ABD","STOLEN"
"1969","1969","T970ABD","ACTIVE"
"1970","1970","T971ABD","ACTIVE"
"1971","1971","T972ABD","ACTIVE"
"1972","1972","T973ABD","ACTIVE"
"1973","1973","T974ABD","ACTIVE"
"1974","1974","T975ABD","ACTIVE"
"1975","1975","T976ABD","ACTIVE"
"1976","1976","T977ABD","ACTIVE"
"1977","1977","T978ABD","ACTIVE"
"1978","1978","T979ABD","ACTIVE"
"1979","1979","T980ABD","ACTIVE"
"1980","1980","T981ABD","ACTIVE"
"1981","1981","T982ABD","ACTIVE"
"1982","1982","T983ABD","ACTIVE"
"1983","1983","T984ABD","ACTIVE"
"1984","1984","T985ABD","ACTIVE"
"1985","1985","T986ABD","ACTIVE"
"1986","1986","T987ABD","ACTIVE"
"1987","1987","T988ABD","ACTIVE"
"1988","1988","T989ABD","ACTIVE"
"1989","1989","T990ABD","ACTIVE"
"1990","1990","T991ABD","ACTIVE"
"1991","1991","T992ABD","ACTIVE"
"1992","1992","T993ABD","ACTIVE"
"1993","1993","T994ABD","ACTIVE"
"1994","1994","T995ABD","ACTIVE"
"1995","1995","T996ABD","ACTIVE"
"1996","1996","T997ABD","ACTIVE"
"1997","1997","T998ABD","ACTIVE"
"1998","1998","T999ABD","ACTIVE"
"1999","1999","T001ABE","ACTIVE"
"2000","2000","T002ABE","ACTIVE"
"2001","2001","T003ABE","ACTIVE"
"2002","2002","T004ABE","ACTIVE"
"2003","2003","T005ABE","ACTIVE"
"2004","2004","T006ABE","ACTIVE"
"2005","2005","T007ABE","ACTIVE"
"2006","2006","T008ABE","ACTIVE"
"2007","2007","T009ABE","ACTIVE"
"2008","2008","T010ABE","ACTIVE"
"2009","2009","T011ABE","STOLEN"
"2010","2010","T012ABE","ACTIVE"
"2011","2011","T013ABE","ACTIVE"
"2012","2012","T014ABE","ACTIVE"
"2013","2013","T015ABE","ACTIVE"
"2014","2014","T016ABE","ACTIVE"
"2015","2015","T017ABE","ACTIVE"
"2016","2016","T018ABE","ACTIVE"
"2017","2017","T019ABE","ACTIVE"
"2018","2018","T020ABE","ACTIVE"
"2019","2019","T021ABE","ACTIVE"
"2020","2020","T022ABE","ACTIVE"
"2021","2021","T023ABE","ACTIVE"
"2022","2022","T024ABE","ACTIVE"
"2023","2023","T025ABE","ACTIVE"
"2024","2024","T026ABE","ACTIVE"
"2025","2025","T027ABE","ACTIVE"
"2026","2026","T028ABE","ACTIVE"
"2027","2027","T029ABE","ACTIVE"
"2028","2028","T030ABE","ACTIVE"
"2029","2029","T031ABE","ACTIVE"
"2030","2030","T032ABE","ACTIVE"
"2031","2031","T033ABE","ACTIVE"
"2032","2032","T034ABE","ACTIVE"
"2033","2033","T035ABE","ACTIVE"
"2034","2034","T036ABE","ACTIVE"
"2035","2035","T037ABE","ACTIVE"
"2036","2036","T038ABE","ACTIVE"
"2037","2037","T039ABE","ACTIVE"
"2038","2038","T040ABE","ACTIVE"
"2039","2039","T041ABE","ACTIVE"
"2040","2040","T042ABE","ACTIVE"
"2041","2041","T043ABE","ACTIVE"
"2042","2042","T044ABE","ACTIVE"
"2043","2043","T045ABE","ACTIVE"
"2044","2044","T046ABE","ACTIVE"
"2045","2045","T047ABE","ACTIVE"
"2046","2046","T048ABE","ACTIVE"
"2047","2047","T049ABE","ACTIVE"
"2048","2048","T050ABE","ACTIVE"
"2049","2049","T051ABE","ACTIVE"
"2050","2050","T052ABE","STOLEN"
"2051","2051","T053ABE","ACTIVE"
"2052","2052","T054ABE","ACTIVE"
"2053","2053","T055ABE","ACTIVE"
"2054","2054","T056ABE","ACTIVE"
"2055","2055","T057ABE","ACTIVE"
"2056","2056","T058ABE","ACTIVE"
"2057","2057","T059ABE","ACTIVE"
"2058","2058","T060ABE","ACTIVE"
"2059","2059","T061ABE","ACTIVE"
"2060","2060","T062ABE","ACTIVE"
"2061","2061","T063ABE","ACTIVE"
"2062","2062","T064ABE","ACTIVE"
"2063","2063","T065ABE","ACTIVE"
"2064","2064","T066ABE","ACTIVE"
"2065","2065","T067ABE","ACTIVE"
"2066","2066","T068ABE","ACTIVE"
"2067","2067","T069ABE","ACTIVE"
"2068","2068","T070ABE","ACTIVE"
"2069","2069","T071ABE","ACTIVE"
"2070","2070","T072ABE","ACTIVE"
"2071","2071","T073ABE","ACTIVE"
"2072","2072","T074ABE","ACTIVE"
"2073","2073","T075ABE","ACTIVE"
"2074","2074","T076ABE","ACTIVE"
"2075","2075","T077ABE","ACTIVE"
"2076","2076","T078ABE","ACTIVE"
"2077","2077","T079ABE","ACTIVE"
"2078","2078","T080ABE","ACTIVE"
"2079","2079","T081ABE","ACTIVE"
"2080","2080","T082ABE","ACTIVE"
"2081","2081","T083ABE","ACTIVE"
"2082","2082","T084ABE","ACTIVE"
"2083","2083","T085ABE","ACTIVE"
"2084","2084","T086ABE","ACTIVE"
"2085","2085","T087ABE","ACTIVE"
"2086","2086","T088ABE","ACTIVE"
"2087","2087","T089ABE","ACTIVE"
"2088","2088","T090ABE","ACTIVE"
"2089","2089","T091ABE","ACTIVE"
"2090","2090","T092ABE","ACTIVE"
"2091","2091","T093ABE","STOLEN"
"2092","2092","T094ABE","ACTIVE"
"2093","2093","T095ABE","ACTIVE"
"2094","2094","T096ABE","ACTIVE"
"2095","2095","T097ABE","ACTIVE"
"2096","2096","T098ABE","ACTIVE"
"2097","2097","T099ABE","ACTIVE"
"2098","2098","T100ABE","ACTIVE"
"2099","2099","T101ABE","ACTIVE"
"2100","2100","T102ABE","ACTIVE"
"2101","2101","T103ABE","ACTIVE"
"2102","2102","T104ABE","ACTIVE"
"2103","2103","T105ABE","ACTIVE"
"2104","2104","T106ABE","ACTIVE"
"2105","2105","T107ABE","ACTIVE"
"2106","2106","T108ABE","ACTIVE"
"2107","2107","T109ABE","ACTIVE"
"2108","2108","T110ABE","ACTIVE"
"2109","2109","T111ABE","ACTIVE"
"2110","2110","T112ABE","ACTIVE"
"2111","2111","T113ABE","ACTIVE"
"2112","2112","T114ABE","ACTIVE"
"2113","2113","T115ABE","ACTIVE"
"2114","2114","T116ABE","ACTIVE"
"2115","2115","T117ABE","ACTIVE"
"2116","2116","T118ABE","ACTIVE"
"2117","2117","T119ABE","ACTIVE"
"2118","2118","T120ABE","ACTIVE"
"2119","2119","T121ABE","ACTIVE"
"2120","2120","T122ABE","ACTIVE"
"2121","2121","T123ABE","ACTIVE"
"2122","2122","T124ABE","ACTIVE"
"2123","2123","T125ABE","ACTIVE"
"2124","2124","T126ABE","ACTIVE"
"2125","2125","T127ABE","ACTIVE"
"2126","2126","T128ABE","ACTIVE"
"2127","2127","T129ABE","ACTIVE"
"2128","2128","T130ABE","ACTIVE"
"2129","2129","T131ABE","ACTIVE"
"2130","2130","T132ABE","ACTIVE"
"2131","2131","T133ABE","ACTIVE"
"2132","2132","T134ABE","STOLEN"
"2133","2133","T135ABE","ACTIVE"
"2134","2134","T136ABE","ACTIVE"
"2135","2135","T137ABE","ACTIVE"
"2136","2136","T138ABE","ACTIVE"
"2137","2137","T139ABE","ACTIVE"
"2138","2138","T140ABE","ACTIVE"
"2139","2139","T141ABE","ACTIVE"
"2140","2140","T142ABE","ACTIVE"
"2141","2141","T143ABE","ACTIVE"
"2142","2142","T144ABE","ACTIVE"
"2143","2143","T145ABE","ACTIVE"
"2144","2144","T146ABE","ACTIVE"
"2145","2145","T147ABE","ACTIVE"
"2146","2146","T148ABE","ACTIVE"
"2147","2147","T149ABE","ACTIVE"
"2148","2148","T150ABE","ACTIVE"
"2149","2149","T151ABE","ACTIVE"
"2150","2150","T152ABE","ACTIVE"
"2151","2151","T153ABE","ACTIVE"
"2152","2152","T154ABE","ACTIVE"
"2153","2153","T155ABE","ACTIVE"
"2154","2154","T156ABE","ACTIVE"
"2155","2155","T157ABE","ACTIVE"
"2156","2156","T158ABE","ACTIVE"
"2157","2157","T159ABE","ACTIVE"
"2158","2158","T160ABE","ACTIVE"
"2159","2159","T161ABE","ACTIVE"
"2160","2160","T162ABE","ACTIVE"
"2161","2161","T163ABE","ACTIVE"
"2162","2162","T164ABE","ACTIVE"
"2163","2163","T165ABE","ACTIVE"
"2164","2164","T166ABE","ACTIVE"
"2165","2165","T167ABE","ACTIVE"
"2166","2166","T168ABE","ACTIVE"
"2167","2167","T169ABE","ACTIVE"
"2168","2168","T170ABE","ACTIVE"
"2169","2169","T171ABE","ACTIVE"
"2170","2170","T172ABE","ACTIVE"
"2171","2171","T173ABE","ACTIVE"
"2172","2172","T174ABE","ACTIVE"
"2173","2173","T175ABE","STOLEN"
"2174","2174","T176ABE","ACTIVE"
"2175","2175","T177ABE","ACTIVE"
"2176","2176","T178ABE","ACTIVE"
"2177","2177","T179ABE","ACTIVE"
"2178","2178","T180ABE","ACTIVE"
"2179","2179","T181ABE","ACTIVE"
"2180","2180","T182ABE","ACTIVE"
"2181","2181","T183ABE","ACTIVE"
"2182","2182","T184ABE","ACTIVE"
"2183","2183","T185ABE","ACTIVE"
"2184","2184","T186ABE","ACTIVE"
"2185","2185","T187ABE","ACTIVE"
"2186","2186","T188ABE","ACTIVE"
"2187","2187","T189ABE","ACTIVE"
"2188","2188","T190ABE","ACTIVE"
"2189","2189","T191ABE","ACTIVE"
"2190","2190","T192ABE","ACTIVE"
"2191","2191","T193ABE","ACTIVE"
"2192","2192","T194ABE","ACTIVE"
"2193","2193","T195ABE","ACTIVE"
"2194","2194","T196ABE","ACTIVE"
"2195","2195","T197ABE","ACTIVE"
"2196","2196","T198ABE","ACTIVE"
"2197","2197","T199ABE","ACTIVE"
"2198","2198","T200ABE","ACTIVE"
"2199","2199","T201ABE","ACTIVE"
"2200","2200","T202ABE","ACTIVE"
"2201","2201","T203ABE","ACTIVE"
"2202","2202","T204ABE","ACTIVE"
"2203","2203","T205ABE","ACTIVE"
"2204","2204","T206ABE","ACTIVE"
"2205","2205","T207ABE","ACTIVE"
"2206","2206","T208ABE","ACTIVE"
"2207","2207","T209ABE","ACTIVE"
"2208","2208","T210ABE","ACTIVE"
"2209","2209","T211ABE","ACTIVE"
"2210","2210","T212ABE","ACTIVE"
"2211","2211","T213ABE","ACTIVE"
"2212","2212","T214ABE","ACTIVE"
"2213","2213","T215ABE","ACTIVE"
"2214","2214","T216ABE","STOLEN"
"2215","2215","T217ABE","ACTIVE"
"2216","2216","T218ABE","ACTIVE"
"2217","2217","T219ABE","ACTIVE"
"2218","2218","T220ABE","ACTIVE"
"2219","2219","T221ABE","ACTIVE"
"2220","2220","T222ABE","ACTIVE"
"2221","2221","T223ABE","ACTIVE"
"2222","2222","T224ABE","ACTIVE"
"2223","2223","T225ABE","ACTIVE"
"2224","2224","T226ABE","ACTIVE"
"2225","2225","T227ABE","ACTIVE"
"2226","2226","T228ABE","ACTIVE"
"2227","2227","T229ABE","ACTIVE"
"2228","2228","T230ABE","ACTIVE"
"2229","2229","T231ABE","ACTIVE"
"2230","2230","T232ABE","ACTIVE"
"2231","2231","T233ABE","ACTIVE"
"2232","2232","T234ABE","ACTIVE"
"2233","2233","T235ABE","ACTIVE"
"2234","2234","T236ABE","ACTIVE"
"2235","2235","T237ABE","ACTIVE"
"2236","2236","T238ABE","ACTIVE"
"2237","2237","T239ABE","ACTIVE"
"2238","2238","T240ABE","ACTIVE"
"2239","2239","T241ABE","ACTIVE"
"2240","2240","T242ABE","ACTIVE"
"2241","2241","T243ABE","ACTIVE"
"2242","2242","T244ABE","ACTIVE"
"2243","2243","T245ABE","ACTIVE"
"2244","2244","T246ABE","ACTIVE"
"2245","2245","T247ABE","ACTIVE"
"2246","2246","T248ABE","ACTIVE"
"2247","2247","T249ABE","ACTIVE"
"2248","2248","T250ABE","ACTIVE"
"2249","2249","T251ABE","ACTIVE"
"2250","2250","T252ABE","ACTIVE"
"2251","2251","T253ABE","ACTIVE"
"2252","2252","T254ABE","ACTIVE"
"2253","2253","T255ABE","ACTIVE"
"2254","2254","T256ABE","ACTIVE"
"2255","2255","T257ABE","STOLEN"
"2256","2256","T258ABE","ACTIVE"
"2257","2257","T259ABE","ACTIVE"
"2258","2258","T260ABE","ACTIVE"
"2259","2259","T261ABE","ACTIVE"
"2260","2260","T262ABE","ACTIVE"
"2261","2261","T263ABE","ACTIVE"
"2262","2262","T264ABE","ACTIVE"
"2263","2263","T265ABE","ACTIVE"
"2264","2264","T266ABE","ACTIVE"
"2265","2265","T267ABE","ACTIVE"
"2266","2266","T268ABE","ACTIVE"
"2267","2267","T269ABE","ACTIVE"
"2268","2268","T270ABE","ACTIVE"
"2269","2269","T271ABE","ACTIVE"
"2270","2270","T272ABE","ACTIVE"
"2271","2271","T273ABE","ACTIVE"
"2272","2272","T274ABE","ACTIVE"
"2273","2273","T275ABE","ACTIVE"
"2274","2274","T276ABE","ACTIVE"
"2275","2275","T277ABE","ACTIVE"
"2276","2276","T278ABE","ACTIVE"
"2277","2277","T279ABE","ACTIVE"
"2278","2278","T280ABE","ACTIVE"
"2279","2279","T281ABE","ACTIVE"
"2280","2280","T282ABE","ACTIVE"
"2281","2281","T283ABE","ACTIVE"
"2282","2282","T284ABE","ACTIVE"
"2283","2283","T285ABE","ACTIVE"
"2284","2284","T286ABE","ACTIVE"
"2285","2285","T287ABE","ACTIVE"
"2286","2286","T288ABE","ACTIVE"
"2287","2287","T289ABE","ACTIVE"
"2288","2288","T290ABE","ACTIVE"
"2289","2289","T291ABE","ACTIVE"
"2290","2290","T292ABE","ACTIVE"
"2291","2291","T293ABE","ACTIVE"
"2292","2292","T294ABE","ACTIVE"
"2293","2293","T295ABE","ACTIVE"
"2294","2294","T296ABE","ACTIVE"
"2295","2295","T297ABE","ACTIVE"
"2296","2296","T298ABE","STOLEN"
"2297","2297","T299ABE","ACTIVE"
"2298","2298","T300ABE","ACTIVE"
"2299","2299","T301ABE","ACTIVE"
"2300","2300","T302ABE","ACTIVE"
"2301","2301","T303ABE","ACTIVE"
"2302","2302","T304ABE","ACTIVE"
"2303","2303","T305ABE","ACTIVE"
"2304","2304","T306ABE","ACTIVE"
"2305","2305","T307ABE","ACTIVE"
"2306","2306","T308ABE","ACTIVE"
"2307","2307","T309ABE","ACTIVE"
"2308","2308","T310ABE","ACTIVE"
"2309","2309","T311ABE","ACTIVE"
"2310","2310","T312ABE","ACTIVE"
"2311","2311","T313ABE","ACTIVE"
"2312","2312","T314ABE","ACTIVE"
"2313","2313","T315ABE","ACTIVE"
"2314","2314","T316ABE","ACTIVE"
"2315","2315","T317ABE","ACTIVE"
"2316","2316","T318ABE","ACTIVE"
"2317","2317","T319ABE","ACTIVE"
"2318","2318","T320ABE","ACTIVE"
"2319","2319","T321ABE","ACTIVE"
"2320","2320","T322ABE","ACTIVE"
"2321","2321","T323ABE","ACTIVE"
"2322","2322","T324ABE","ACTIVE"
"2323","2323","T325ABE","ACTIVE"
"2324","2324","T326ABE","ACTIVE"
"2325","2325","T327ABE","ACTIVE"
"2326","2326","T328ABE","ACTIVE"
"2327","2327","T329ABE","ACTIVE"
"2328","2328","T330ABE","ACTIVE"
"2329","2329","T331ABE","ACTIVE"
"2330","2330","T332ABE","ACTIVE"
"2331","2331","T333ABE","ACTIVE"
"2332","2332","T334ABE","ACTIVE"
"2333","2333","T335ABE","ACTIVE"
"2334","2334","T336ABE","ACTIVE"
"2335","2335","T337ABE","ACTIVE"
"2336","2336","T338ABE","ACTIVE"
"2337","2337","T339ABE","STOLEN"
"2338","2338","T340ABE","ACTIVE"
"2339","2339","T341ABE","ACTIVE"
"2340","2340","T342ABE","ACTIVE"
"2341","2341","T343ABE","ACTIVE"
"2342","2342","T344ABE","ACTIVE"
"2343","2343","T345ABE","ACTIVE"
"2344","2344","T346ABE","ACTIVE"
"2345","2345","T347ABE","ACTIVE"
"2346","2346","T348ABE","ACTIVE"
"2347","2347","T349ABE","ACTIVE"
"2348","2348","T350ABE","ACTIVE"
"2349","2349","T351ABE","ACTIVE"
"2350","2350","T352ABE","ACTIVE"
"2351","2351","T353ABE","ACTIVE"
"2352","2352","T354ABE","ACTIVE"
"2353","2353","T355ABE","ACTIVE"
"2354","2354","T356ABE","ACTIVE"
"2355","2355","T357ABE","ACTIVE"
"2356","2356","T358ABE","ACTIVE"
"2357","2357","T359ABE","ACTIVE"
"2358","2358","T360ABE","ACTIVE"
"2359","2359","T361ABE","ACTIVE"
"2360","2360","T362ABE","ACTIVE"
"2361","2361","T363ABE","ACTIVE"
"2362","2362","T364ABE","ACTIVE"
"2363","2363","T365ABE","ACTIVE"
"2364","2364","T366ABE","ACTIVE"
"2365","2365","T367ABE","ACTIVE"
"2366","2366","T368ABE","ACTIVE"
"2367","2367","T369ABE","ACTIVE"
"2368","2368","T370ABE","ACTIVE"
"2369","2369","T371ABE","ACTIVE"
"2370","2370","INVALIDPLATE","ACTIVE"
"2371","2371","T373ABE","ACTIVE"
"2372","2372","T374ABE","ACTIVE"
"2373","2373","T375ABE","ACTIVE"
"2374","2374","T376ABE","ACTIVE"
"2375","2375","T377ABE","ACTIVE"
"2376","2376","T378ABE","ACTIVE"
"2377","2377","T379ABE","ACTIVE"
"2378","2378","T380ABE","STOLEN"
"2379","2379","T381ABE","ACTIVE"
"2380","2380","T382ABE","ACTIVE"
"2381","2381","T383ABE","ACTIVE"
"2382","2382","T384ABE","ACTIVE"
"2383","2383","T385ABE","ACTIVE"
"2384","2384","T386ABE","ACTIVE"
"2385","2385","T387ABE","ACTIVE"
"2386","2386","T388ABE","ACTIVE"
"2387","2387","T389ABE","ACTIVE"
"2388","2388","T390ABE","ACTIVE"
"2389","2389","T391ABE","ACTIVE"
"2390","2390","T392ABE","ACTIVE"
"2391","2391","T393ABE","ACTIVE"
"2392","2392","T394ABE","ACTIVE"
"2393","2393","T395ABE","ACTIVE"
"2394","2394","T396ABE","ACTIVE"
"2395","2395","T397ABE","ACTIVE"
"2396","2396","T398ABE","ACTIVE"
"2397","2397","T399ABE","ACTIVE"
"2398","2398","T400ABE","ACTIVE"
"2399","2399","T401ABE","ACTIVE"
"2400","2400","T402ABE","ACTIVE"
"2401","2401","T403ABE","ACTIVE"
"2402","2402","T404ABE","ACTIVE"
"2403","2403","T405ABE","ACTIVE"
"2404","2404","T406ABE","ACTIVE"
"2405","2405","T407ABE","ACTIVE"
"2406","2406","T408ABE","ACTIVE"
"2407","2407","T409ABE","ACTIVE"
"2408","2408","T410ABE","ACTIVE"
"2409","2409","T411ABE","ACTIVE"
"2410","2410","T412ABE","ACTIVE"
"2411","2411","T413ABE","ACTIVE"
"2412","2412","T414ABE","ACTIVE"
"2413","2413","T415ABE","ACTIVE"
"2414","2414","T416ABE","ACTIVE"
"2415","2415","T417ABE","ACTIVE"
"2416","2416","T418ABE","ACTIVE"
"2417","2417","T419ABE","ACTIVE"
"2418","2418","T420ABE","ACTIVE"
"2419","2419","T421ABE","STOLEN"
"2420","2420","T422ABE","ACTIVE"
"2421","2421","T423ABE","ACTIVE"
"2422","2422","T424ABE","ACTIVE"
"2423","2423","T425ABE","ACTIVE"
"2424","2424","T426ABE","ACTIVE"
"2425","2425","T427ABE","ACTIVE"
"2426","2426","T428ABE","ACTIVE"
"2427","2427","T429ABE","ACTIVE"
"2428","2428","T430ABE","ACTIVE"
"2429","2429","T431ABE","ACTIVE"
"2430","2430","T432ABE","ACTIVE"
"2431","2431","T433ABE","ACTIVE"
"2432","2432","T434ABE","ACTIVE"
"2433","2433","T435ABE","ACTIVE"
"2434","2434","T436ABE","ACTIVE"
"2435","2435","T437ABE","ACTIVE"
"2436","2436","T438ABE","ACTIVE"
"2437","2437","T439ABE","ACTIVE"
"2438","2438","T440ABE","ACTIVE"
"2439","2439","T441ABE","ACTIVE"
"2440","2440","T442ABE","ACTIVE"
"2441","2441","T443ABE","ACTIVE"
"2442","2442","T444ABE","ACTIVE"
"2443","2443","T445ABE","ACTIVE"
"2444","2444","T446ABE","ACTIVE"
"2445","2445","T447ABE","ACTIVE"
"2446","2446","T448ABE","ACTIVE"
"2447","2447","T449ABE","ACTIVE"
"2448","2448","T450ABE","ACTIVE"
"2449","2449","T451ABE","ACTIVE"
"2450","2450","T452ABE","ACTIVE"
"2451","2451","T453ABE","ACTIVE"
"2452","2452","T454ABE","ACTIVE"
"2453","2453","T455ABE","ACTIVE"
"2454","2454","T456ABE","ACTIVE"
"2455","2455","T457ABE","ACTIVE"
"2456","2456","T458ABE","ACTIVE"
"2457","2457","T459ABE","ACTIVE"
"2458","2458","T460ABE","ACTIVE"
"2459","2459","T461ABE","ACTIVE"
"2460","2460","T462ABE","STOLEN"
"2461","2461","T463ABE","ACTIVE"
"2462","2462","T464ABE","ACTIVE"
"2463","2463","T465ABE","ACTIVE"
"2464","2464","T466ABE","ACTIVE"
"2465","2465","T467ABE","ACTIVE"
"2466","2466","T468ABE","ACTIVE"
"2467","2467","T469ABE","ACTIVE"
"2468","2468","T470ABE","ACTIVE"
"2469","2469","T471ABE","ACTIVE"
"2470","2470","T472ABE","ACTIVE"
"2471","2471","T473ABE","ACTIVE"
"2472","2472","T474ABE","ACTIVE"
"2473","2473","T475ABE","ACTIVE"
"2474","2474","T476ABE","ACTIVE"
"2475","2475","T477ABE","ACTIVE"
"2476","2476","T478ABE","ACTIVE"
"2477","2477","T479ABE","ACTIVE"
"2478","2478","T480ABE","ACTIVE"
"2479","2479","T481ABE","ACTIVE"
"2480","2480","T482ABE","ACTIVE"
"2481","2481","T483ABE","ACTIVE"
"2482","2482","T484ABE","ACTIVE"
"2483","2483","T485ABE","ACTIVE"
"2484","2484","T486ABE","ACTIVE"
"2485","2485","T487ABE","ACTIVE"
"2486","2486","T488ABE","ACTIVE"
"2487","2487","T489ABE","ACTIVE"
"2488","2488","T490ABE","ACTIVE"
"2489","2489","T491ABE","ACTIVE"
"2490","2490","T492ABE","ACTIVE"
"2491","2491","T493ABE","ACTIVE"
"2492","2492","T494ABE","ACTIVE"
"2493","2493","T495ABE","ACTIVE"
"2494","2494","T496ABE","ACTIVE"
"2495","2495","T497ABE","ACTIVE"
"2496","2496","T498ABE","ACTIVE"
"2497","2497","T499ABE","ACTIVE"
"2498","2498","T500ABE","ACTIVE"
"2499","2499","T501ABE","ACTIVE"
"2500","2500","T502ABE","ACTIVE"
